Country,Year,Household_Size,Real_GDP_Per_Capita,Train_Transport_Pct,Bus_Transport_Pct,Urban_Population_Pct,All_Transport_Pct,Fuel_Price_Index,Surface_Area_km2,Pop
Austria,2003,2.4,38880,9.5,10.9,59.375,20.5,86.60833333333333,83878,8100273
Austria,2004,2.4,39620,9.5,11,59.094,20.4,95.16305555555556,83878,8142573
Austria,2005,2.3,40270,9.8,10.5,58.813,20.3,109.10055555555556,83878,8201359
Austria,2006,2.3,41370,10,10.4,58.532,20.4,117.0286111111111,83878,8254298
Austria,2007,2.3,42790,10.1,10.8,58.249,20.8,118.70722222222223,83878,8282984
Austria,2008,2.3,43270,11.7,11.1,57.966,22.8,139.87944444444443,83878,8307989
Austria,2009,2.3,41620,11.8,10.1,57.683,21.9,111.90555555555555,83878,8335003
Austria,2010,2.3,42280,11.7,10.4,57.399,22.1,128.74805555555557,83878,8351643
Austria,2011,2.3,43370,12.1,10.5,57.115,22.5,152.23,83878,8375164
Austria,2012,2.3,43450,11.8,10,57.147,21.8,162.6675,83878,8408121
Austria,2013,2.3,43080,12.3,9.9,57.336,22.2,156.3477777777778,83878,8451860
Austria,2014,2.2,43070,12.2,9.9,57.526,22.1,149.98555555555555,83878,8507786
Austria,2015,2.2,43200,12.1,9.9,57.715,21.9,130.23916666666665,83878,8584926
Austria,2016,2.2,43550,12.1,9.9,57.905,22,119.11194444444443,83878,8700471
Austria,2017,2.2,44260,12,10,58.094,22,127.98333333333332,83878,8772865
Austria,2018,2.2,45140,12.4,9.1,58.297,21.5,140.89333333333332,83878,8822267
Austria,2019,2.2,45730,12.4,8.9,58.515,21.4,138.72444444444443,83878,8858775
Austria,2020,2.2,42650,8.8,9.2,58.748,18,119.7311111111111,83878,8901064
Austria,2021,2.2,44580,9.3,8.9,58.995,18.2,141.0625,83878,8932664
Austria,2022,2.2,46430,12.6,9.5,59.256,22.1,208.47222222222223,83878,8978929
Austria,2023,2.2,45670,13.6,9.5,59.53,23.1,189.3,83878,9104772
Austria,2024,2.2,45140,13.6,9.5,59.819,23.1,184.77194444444444,83878,9158750
Belgium,2003,2.3,36300,6.5,13,97.296,19.4,87.90944444444443,30528,10355844
Belgium,2004,2.3,37440,7.1,13.2,97.35,20.4,98.46027777777778,30528,10396421
Belgium,2005,2.3,38100,6.3,13,97.403,19.3,118.56222222222222,30528,10445852
Belgium,2006,2.3,38810,6.6,13.2,97.454,19.8,127.52083333333333,30528,10511382
Belgium,2007,2.3,39950,6.6,14.3,97.505,20.9,128.66527777777776,30528,10584534
Belgium,2008,2.3,39810,7.2,14.4,97.555,21.6,149.0952777777778,30528,10666866
Belgium,2009,2.3,38740,7.3,13.3,97.603,20.6,117.84027777777777,30528,10753080
Belgium,2010,2.3,39420,7.5,12.3,97.651,19.8,139.18333333333334,30528,10839905
Belgium,2011,2.3,39670,7.7,12.8,97.698,20.5,165.1197222222222,30528,11000638
Belgium,2012,2.3,39510,7.5,12.4,97.744,19.9,177.29861111111111,30528,11075889
Belgium,2013,2.3,39440,7.7,15.1,97.789,22.8,168.46527777777777,30528,11137974
Belgium,2014,2.3,39960,8.2,11.5,97.833,19.6,160.79638888888888,30528,11180840
Belgium,2015,2.3,40310,8,10.9,97.876,18.9,133.83583333333334,30528,11237274
Belgium,2016,2.3,40590,7.7,10.5,97.919,18.2,121.51777777777778,30528,11311117
Belgium,2017,2.3,41030,7.9,10.2,97.961,18.2,137.58666666666667,30528,11351727
Belgium,2018,2.3,41610,8.9,10.2,98.001,19.1,155.93138888888888,30528,11398589
Belgium,2019,2.3,42400,9,10.3,98.041,19.3,154.96027777777778,30528,11455519
Belgium,2020,2.3,40190,7.3,8.1,98.079,15.4,133.71666666666667,30528,11522440
Belgium,2021,2.3,42530,6.9,8.1,98.117,15.1,162.30416666666667,30528,11554767
Belgium,2022,2.3,43860,9.2,9.6,98.153,18.8,221.52916666666667,30528,11617623
Belgium,2023,2.3,44230,9.4,10.3,98.189,19.6,197.20055555555555,30528,11742796
Belgium,2024,2.3,44460,9.4,10.3,98.224,19.6,195.34805555555556,30528,11817096
Bulgaria,2003,2.9,5020,5.5,28.1,69.879,33.5,71.79,110372,7805506
Bulgaria,2004,2.9,5380,5.1,25,70.233,30.2,76.68208333333332,110372,7745147
Bulgaria,2005,2.9,5790,4.8,24.3,70.584,29.1,90.1375,110372,7688573
Bulgaria,2006,2.9,6220,4.7,22.7,70.932,27.4,95.43291666666666,110372,7629371
Bulgaria,2007,2.9,6670,4.4,21.8,71.278,26.2,100.96416666666666,110372,7572673
Bulgaria,2008,2.9,7110,4,20.8,71.622,24.9,115.38041666666668,110372,7518002
Bulgaria,2009,2.9,6910,3.7,16.8,71.963,20.5,97.91541666666666,110372,7467119
Bulgaria,2010,2.9,7060,3.6,16.4,72.302,20,114.67875,110372,7421766
Bulgaria,2011,2.9,7390,3.5,15.9,72.638,19.4,129.46375,110372,7369431
Bulgaria,2012,2.8,7530,3.1,14.8,72.975,17.9,138.855,110372,7327224
Bulgaria,2013,2.7,7600,2.9,14,73.313,17,137.31875,110372,7202556
Bulgaria,2014,2.6,7770,2.6,15.1,73.651,17.7,131.36166666666665,110372,7117453
Bulgaria,2015,2.5,8130,2.3,14.6,73.99,16.9,112.28333333333335,110372,7029690
Bulgaria,2016,2.5,8490,2.2,14.1,74.329,16.3,99.23416666666667,110372,6938759
Bulgaria,2017,2.4,8840,2.1,13.1,74.669,15.2,107.77458333333334,110372,6849518
Bulgaria,2018,2.4,9170,2.2,12,75.008,14.2,117.06833333333333,110372,6757418
Bulgaria,2019,2.4,9650,2.2,13,75.347,15.3,115.51791666666666,110372,6664177
Bulgaria,2020,2.4,9440,2,8.6,75.686,10.6,100.46166666666666,110372,6569275
Bulgaria,2021,2.4,10250,2.1,8,76.025,10.1,117.8725,110372,6532117
Bulgaria,2022,2.3,10740,2.5,10.6,76.363,13.1,156.14791666666667,110372,6482484
Bulgaria,2023,2.3,10950,2.4,8.8,76.701,11.2,143.09,110372,6447710
Bulgaria,2024,2.3,11330,2.4,8.8,77.037,11.2,139.95041666666665,110372,6445481
Croatia,2003,2.8,10150,4.2,13.6,53.979,17.8,74.69458333333334,56594,4305384
Croatia,2004,2.8,10570,4.2,12.1,54.147,16.2,81.53583333333333,56594,4305725
Croatia,2005,2.8,11020,4.3,11.9,54.315,16.2,91.17875,56594,4310861
Croatia,2006,2.8,11570,4.4,11.8,54.483,16.3,95.83125,56594,4312487
Croatia,2007,2.8,12160,5,12.1,54.651,17.1,97.80166666666666,56594,4313530
Croatia,2008,2.8,12400,5.4,12.5,54.819,17.8,108.55958333333332,56594,4311967
Croatia,2009,2.8,11570,5.6,10.7,54.987,16.4,91.93708333333332,56594,4309796
Croatia,2010,2.8,11440,5.6,10.7,55.155,16.3,105.38416666666667,56594,4302847
Croatia,2011,2.8,11470,4.9,10.5,55.322,15.4,120.18416666666667,56594,4289857
Croatia,2012,2.8,11270,3.5,10.7,55.506,14.2,127.92083333333333,56594,4275984
Croatia,2013,2.8,11340,3.1,11.5,55.706,14.5,124.90499999999999,56594,4247803
Croatia,2014,2.8,11370,3,11.9,55.923,14.9,126.29375,56594,4217632
Croatia,2015,2.8,11760,3.1,11,56.155,14.1,110.71166666666666,56594,4180915
Croatia,2016,2.8,12320,2.7,12.3,56.403,15,101.65166666666666,56594,4131115
Croatia,2017,2.8,12910,2.4,13.4,56.667,15.7,109.6075,56594,4078769
Croatia,2018,2.8,13460,2.5,12.7,56.947,15.2,119.28583333333334,56594,4014341
Croatia,2019,2.7,14020,2.4,13.4,57.242,15.8,118.39666666666666,56594,3968676
Croatia,2020,2.7,12980,2,9.1,57.553,11.1,101.96708333333333,56594,3933511
Croatia,2021,2.7,14750,2.1,9.2,57.878,11.2,122.69791666666667,56594,3893026
Croatia,2022,2.7,15900,2.9,11.6,58.219,14.5,161.21541666666667,56594,3862305
Croatia,2023,2.7,16490,4,12.2,58.575,16.1,149.18458333333334,56594,3850894
Croatia,2024,2.7,17060,4,12.2,58.945,16.1,150.11541666666668,56594,3861967
Czechia,2003,2.5,14570,7.3,17.2,73.74,24.5,82.6875,78871.01262,10192649
Czechia,2004,2.5,15250,7.5,16,73.671,23.4,89.35416666666667,78871.01262,10195347
Czechia,2005,2.5,16180,7.3,17.2,73.602,24.5,95.47916666666667,78871.01262,10198855
Czechia,2006,2.5,17200,7.5,17.3,73.533,24.8,98.42083333333333,78871.01262,10223577
Czechia,2007,2.5,18050,7.3,17,73.463,24.3,98.18333333333334,78871.01262,10254233
Czechia,2008,2.5,18330,7.1,16.9,73.394,24,102.03750000000001,78871.01262,10343422
Czechia,2009,2.5,17350,6.9,16,73.324,22.9,90.25,78871.01262,10425783
Czechia,2010,2.5,17770,7.6,18.9,73.255,26.5,105.325,78871.01262,10462088
Czechia,2011,2.5,18120,7.7,17,73.185,24.7,115.57083333333333,78871.01262,10486731
Czechia,2012,2.4,17970,8.4,16.8,73.197,25.2,122.43333333333334,78871.01262,10505445
Czechia,2013,2.4,17970,8.6,17,73.29,25.6,120.8625,78871.01262,10516125
Czechia,2014,2.4,18370,8.4,18.8,73.384,27.2,121.06666666666666,78871.01262,10512419
Czechia,2015,2.4,19270,8.7,16.3,73.477,25,104.96666666666665,78871.01262,10538275
Czechia,2016,2.4,19760,9.1,15.6,73.57,24.7,95.96249999999999,78871.01262,10553843
Czechia,2017,2.4,20760,9.5,15.8,73.675,25.3,102.12083333333334,78871.01262,10578820
Czechia,2018,2.4,21320,9.8,15.5,73.792,25.3,108.425,78871.01262,10610055
Czechia,2019,2.3,22050,10,14.9,73.921,25,107.9375,78871.01262,10649800
Czechia,2020,2.3,20980,7.8,10.5,74.061,18.3,95.53333333333335,78871.01262,10693939
Czechia,2021,2.3,21830,6.5,8.5,74.214,15,109.54166666666667,78871.01262,10494836
Czechia,2022,2.3,21910,8.4,10.5,74.377,18.8,143.6625,78871.01262,10516707
Czechia,2023,2.3,21680,9,10.5,74.552,19.5,126.28750000000001,78871.01262,10827529
Czechia,2024,2.3,21910,9,10.5,74.738,19.5,125.86666666666667,78871.01262,10900555
Denmark,2003,2,47570,9.3,11.6,85.36,20.9,94.43611111,42947,5383507
Denmark,2004,2,48770,9.3,11.4,85.566,20.7,99.28888888888889,42947,5397640
Denmark,2005,2,49780,9.5,11.4,85.856,20.9,110.96944444444445,42947,5411405
Denmark,2006,2,51510,8.1,9.9,86.098,18,117.82499999999999,42947,5427459
Denmark,2007,2,51790,8.3,9.7,86.293,18,118.58333333333333,42947,5447084
Denmark,2008,2,51270,8.4,9.7,86.487,18.1,130.85000000000002,42947,5475791
Denmark,2009,2,48460,9.5,10.4,86.654,19.9,116.875,42947,5511451
Denmark,2010,2,49010,9.8,10.5,86.795,20.3,133.91666666666666,42947,5534738
Denmark,2011,2,49440,10,10.1,86.957,20,151.60277777777776,42947,5560628
Denmark,2012,2,49260,10.2,9.8,87.142,20.1,160.96944444444443,42947,5580516
Denmark,2013,2,49750,10.3,9.8,87.292,20,156.76944444444445,42947,5602628
Denmark,2014,2,50110,9.7,9.7,87.41,19.4,152.15277777777777,42947,5627235
Denmark,2015,2,50810,9.3,9.8,87.526,19,136.13888888888889,42947,5659715
Denmark,2016,2,51950,8.7,9.8,87.642,18.5,127.8638888888889,42947,5707251
Denmark,2017,2,53200,8.5,9.9,87.757,18.4,135.14722222222224,42947,5748769
Denmark,2018,2,53920,8.4,9.6,87.874,18,144.90555555555557,42947,5781190
Denmark,2019,2,54630,8.1,9.1,87.994,17.3,146.1638888888889,42947,5806081
Denmark,2020,2,53540,5.9,6.9,88.116,12.8,131.85833333333332,42947,5822763
Denmark,2021,2,56780,6.1,7,88.24,13.1,154.27777777777777,42947,5840045
Denmark,2022,2,56530,7.8,11,88.367,18.8,200.59166666666667,42947,5873420
Denmark,2023,2,56470,7.9,10.3,88.495,18.2,186.11111111111111,42947,5932654
Denmark,2024,2,58160,7.9,10.3,88.626,18.2,185.5027777777778,42947,5961249
Estonia,2003,2.4,13010,1.7,24.7,68.989,26.4,63.629583333333336,45399,1375190
Estonia,2004,2.4,13980,1.8,25.3,68.862,27.1,72.72541666666667,45399,1366250
Estonia,2005,2.4,15400,1.7,20.4,68.735,22.2,86.99541666666666,45399,1358850
Estonia,2006,2.4,17010,2,19.9,68.607,22,93.6725,45399,1350700
Estonia,2007,2.3,18400,2.2,18.4,68.479,20.6,94.77916666666665,45399,1342920
Estonia,2008,2.3,17510,2.1,16.5,68.351,18.6,115.03416666666668,45399,1338440
Estonia,2009,2.3,14980,2,15,68.223,16.9,99.19875,45399,1335740
Estonia,2010,2.3,15380,2,14.4,68.094,16.4,119.83916666666666,45399,1333290
Estonia,2011,2.3,16590,2,14,67.965,15.9,135.005,45399,1329660
Estonia,2012,2.2,17260,1.8,14.6,67.974,16.4,147.0675,45399,1325217
Estonia,2013,2.2,17630,1.7,14.4,68.122,16.1,141.56541666666666,45399,1320174
Estonia,2014,2.2,18280,2,14,68.269,16,136.17583333333332,45399,1315819
Estonia,2015,2.2,18650,1.9,15.8,68.416,17.7,117.575,45399,1314870
Estonia,2016,2.2,19190,2,18.3,68.563,20.2,113.10083333333334,45399,1315944
Estonia,2017,2.2,20270,2.2,17.6,68.717,19.8,128.19833333333335,45399,1315635
Estonia,2018,2.2,20970,2.5,17.1,68.88,19.6,143.45833333333334,45399,1319133
Estonia,2019,2.1,21650,2.2,17.9,69.051,20.1,144.66083333333333,45399,1324820
Estonia,2020,2.1,20960,1.9,9.9,69.229,11.8,129.24916666666667,45399,1328976
Estonia,2021,2.1,22670,2,8.8,69.415,10.7,146.96583333333334,45399,1330068
Estonia,2022,2.1,22370,2.3,12,69.609,14.4,200.82041666666666,45399,1331796
Estonia,2023,2.1,21210,2.3,14,69.81,16.4,184.4779166666667,45399,1365884
Estonia,2024,2.1,21060,2.3,14,70.019,16.4,178.51625,45399,1374687
Finland,2003,2.1,38300,4.7,10.9,82.638,15.6,91.85472222222222,336884,5206295
Finland,2004,2.1,39720,4.7,10.6,82.772,15.2,96.81944444444444,336884,5219732
Finland,2005,2.1,40680,4.8,10.3,82.905,15.1,106.73833333333333,336884,5236611
Finland,2006,2.1,42150,4.8,10.3,83.037,15.1,113.09583333333333,336884,5255580
Finland,2007,2.1,44210,5,10,83.168,15.1,113.68583333333333,336884,5276955
Finland,2008,2.1,44350,5.4,10.1,83.299,15.5,129.25083333333333,336884,5300484
Finland,2009,2.1,40570,5.1,10,83.429,15.1,111.64305555555556,336884,5326314
Finland,2010,2.1,41660,5.2,9.9,83.77,15.1,126.47166666666665,336884,5351427
Finland,2011,2.1,42460,5,9.8,84.313,14.9,143.9275,336884,5375276
Finland,2012,2.1,41620,5.3,9.8,84.841,15.1,154.98694444444445,336884,5401267
Finland,2013,2.1,41020,5.3,9.8,85.125,15.1,152.4672222222222,336884,5426674
Finland,2014,2,40650,5,9.8,85.175,14.8,148.07638888888889,336884,5451270
Finland,2015,2,40700,5.3,9.7,85.225,15,133.63583333333335,336884,5471753
Finland,2016,2,41640,4.9,10.5,85.275,15.4,125.22888888888889,336884,5487308
Finland,2017,2,42910,5.4,10.4,85.325,15.8,133.88888888888889,336884,5503297
Finland,2018,2,43360,5.7,10.1,85.382,15.8,140.9572222222222,336884,5513130
Finland,2019,2,43910,6.2,9.9,85.446,16.1,141.37333333333333,336884,5517919
Finland,2020,2,42740,3.8,9.2,85.517,13,128.30638888888888,336884,5525292
Finland,2021,1.9,43800,4,8.3,85.596,12.3,154.20166666666668,336884,5533793
Finland,2022,1.9,44010,6.4,9.4,85.681,15.8,206.06333333333333,336884,5548241
Finland,2023,1.9,43440,7.1,9.9,85.773,17,185.23833333333334,336884,5563970
Finland,2024,1.9,43280,7.1,9.9,85.872,17,171.1313888888889,336884,5603851
France,2003,2.3,32600,8.4,5,76.632,13.4,88.61055555555555,551500,61864088
France,2004,2.3,33300,8.7,5.1,76.883,13.8,96.06305555555555,551500,62292241
France,2005,2.3,33680,9.1,5.2,77.13,14.2,110.67333333333333,551500,62772870
France,2006,2.3,34360,9.4,5.3,77.377,14.7,118.10305555555556,551500,63229635
France,2007,2.3,35010,9.6,5.5,77.621,15.1,119.95527777777778,551500,63645065
France,2008,2.3,34960,10.1,5.7,77.868,15.8,137.8725,551500,64007193
France,2009,2.2,33800,9.4,5.2,78.117,14.6,111.35,551500,64350226
France,2010,2.2,34310,9.7,5.2,78.369,14.9,127.8463888888889,551500,64658856
France,2011,2.2,34990,10,5.3,78.622,15.3,147.60666666666668,551500,64978721
France,2012,2.2,34880,9.5,5.4,78.878,14.9,155.96166666666667,551500,65276983
France,2013,2.2,34990,10.1,5.5,79.135,15.6,152.15194444444444,551500,65600350
France,2014,2.2,35150,9.9,5.6,79.394,15.4,145.55472222222224,551500,66165980
France,2015,2.2,35370,9.9,5.6,79.655,15.5,129.83583333333334,551500,66458153
France,2016,2.2,35540,9.8,5.6,79.917,15.4,122.90055555555556,551500,66638391
France,2017,2.2,36140,9.8,5.6,80.18,15.4,135.7147222222222,551500,66809816
France,2018,2.2,36570,9.5,5.7,80.444,15.2,156.00972222222222,551500,67026224
France,2019,2.1,37160,9.9,5.7,80.709,15.6,156.65277777777777,551500,67290471
France,2020,2.2,34280,7.3,4.9,80.975,12.2,137.19972222222222,551500,67473651
France,2021,2.2,36470,8.6,4.8,81.242,13.4,156.33277777777778,551500,67728568
France,2022,2.2,37320,10.5,5,81.509,15.5,202.85194444444446,551500,68091703
France,2023,2.2,37760,11.1,5.2,81.777,16.3,198.705,551500,68277210
France,2024,2.1,38110,11.1,5.2,82.044,16.3,188.77,551500,68467362
Germany,2003,2.1,34960,7.2,6.8,75.577,13.9,98.65,357581,82536680
Germany,2004,2.1,35400,7.5,6.7,75.779,14.2,104.04166666666667,357581,82531671
Germany,2005,2.1,35770,7.5,6.7,75.98,14.2,116.72500000000001,357581,82500849
Germany,2006,2.1,37230,7.8,6.6,76.179,14.4,124.38055555555555,357581,82437995
Germany,2007,2.1,38390,7.8,6.5,76.378,14.3,128.13888888888889,357581,82314906
Germany,2008,2.1,38840,8.1,6.3,76.575,14.4,142.4138888888889,357581,82217837
Germany,2009,2,36810,7.9,6.1,76.771,14,120.28055555555557,357581,82002356
Germany,2010,2,38430,8,6,76.966,14,136.3,357581,81802257
Germany,2011,2,39880,8.4,7.3,77.16,15.7,155.10000000000002,357581,80222065
Germany,2012,2,40010,8.8,7.1,77.17,15.8,164.99444444444444,357581,80327900
Germany,2013,2,40100,8.3,7.2,77.18,15.5,158.24444444444444,357581,80523746
Germany,2014,2,40850,8.3,7.2,77.19,15.5,150.19722222222222,357581,80767463
Germany,2015,2,41230,8.2,7.4,77.2,15.6,129.09444444444443,357581,81197537
Germany,2016,2,41880,8.4,7.3,77.224,15.7,115.36666666666666,357581,82175684
Germany,2017,2,42960,8.7,7.3,77.261,16,123.29722222222222,357581,82521653
Germany,2018,2,43390,8.9,7.2,77.312,16.1,135.71944444444443,357581,82792351
Germany,2019,2,43790,9.3,7.4,77.376,16.7,134.85833333333332,357581,83019213
Germany,2020,2,42020,6.3,4.8,77.453,11.2,118.61111111111111,357581,83166711
Germany,2021,2,43730,6.3,4.9,77.544,11.2,144.14166666666668,357581,83155031
Germany,2022,2,44230,9.3,6,77.648,15.3,196.925,357581,83237124
Germany,2023,2,43450,9.9,6.5,77.765,16.5,188.69166666666666,357581,83118501
Germany,2024,2,43110,9.9,6.5,77.895,16.5,180.91111111111113,357581,83456045
Greece,2003,2.7,18480,1.6,22.1,73.689,23.6,78.65916666666666,131957,10915770
Greece,2004,2.7,19420,1.6,20.9,74.073,22.5,84.66694444444444,131957,10940369
Greece,2005,2.7,19590,1.7,20,74.452,21.7,98.87444444444445,131957,10969912
Greece,2006,2.7,20790,1.6,19.2,74.827,20.8,109.87055555555555,131957,11004716
Greece,2007,2.7,21470,1.6,18.5,75.199,20.1,111.37861111111111,131957,11036008
Greece,2008,2.7,21420,1.3,17.9,75.568,19.2,128.17972222222224,131957,11060937
Greece,2009,2.7,20490,1.2,16.9,75.932,18.1,106.89500000000001,131957,11094745
Greece,2010,2.7,19300,1.1,17.3,76.292,18.4,146.83194444444445,131957,11119289
Greece,2011,2.6,17420,0.8,17.6,76.649,18.4,174.71388888888887,131957,11123392
Greece,2012,2.6,16050,0.7,17.7,77.004,18.4,196.4961111111111,131957,11086406
Greece,2013,2.6,15800,0.9,17.8,77.355,18.7,205.62805555555553,131957,11003615
Greece,2014,2.5,16030,0.9,17.7,77.702,18.6,195.83194444444445,131957,10926807
Greece,2015,2.6,16100,1,17.5,78.046,18.6,163.95472222222222,131957,10858018
Greece,2016,2.6,16160,1,17.1,78.387,18.1,151.3422222222222,131957,10783748
Greece,2017,2.6,16430,0.9,16.6,78.724,17.5,169.73222222222222,131957,10768193
Greece,2018,2.6,16810,0.9,16.4,79.058,17.3,179.10972222222222,131957,10741165
Greece,2019,2.6,17210,1,16,79.388,17,179.99916666666667,131957,10724599
Greece,2020,2.6,15660,0.6,12.7,79.715,13.3,157.0438888888889,131957,10718565
Greece,2021,2.6,17110,0.6,12.3,80.038,12.9,180.94194444444443,131957,10678632
Greece,2022,2.6,18160,0.9,14.4,80.357,15.4,236.92833333333334,131957,10461627
Greece,2023,2.4,18600,0.5,14.6,80.673,15.2,215.03333333333333,131957,10413982
Greece,2024,2.4,19020,0.5,14.6,80.984,15.2,211.81666666666666,131957,10400720
Hungary,2003,2.5,10050,13.4,24.6,65.489,38,73.96083333333333,93025,10142362
Hungary,2004,2.5,10570,13.5,22.7,65.896,36.2,77.89541666666666,93025,10116742
Hungary,2005,2.5,11050,12.6,23.4,66.365,36,85.38625,93025,10097549
Hungary,2006,2.6,11500,12,22.1,66.895,34.1,91.11125,93025,10076581
Hungary,2007,2.6,11550,11,21.1,67.421,32.1,89.99374999999999,93025,10066158
Hungary,2008,2.6,11690,10.1,24.2,67.943,34.3,99.18416666666667,93025,10045401
Hungary,2009,2.6,10920,10.2,20.7,68.46,30.9,91.70625,93025,10030975
Hungary,2010,2.6,11060,10,21.5,68.911,31.5,110.49083333333334,93025,10014324
Hungary,2011,2.4,11300,10.2,21.5,69.358,31.7,127.38041666666668,93025,9985722
Hungary,2012,2.4,11220,10.1,22.3,69.678,32.4,143.40958333333333,93025,9931925
Hungary,2013,2.4,11490,10.3,21.4,69.953,31.7,140.5575,93025,9895250
Hungary,2014,2.4,12040,10,21.3,70.227,31.4,137.45458333333332,93025,9850217
Hungary,2015,2.3,12530,9.7,20.9,70.5,30.5,120.64833333333333,93025,9815858
Hungary,2016,2.3,12880,9.2,21.5,70.779,30.8,111.89791666666667,93025,9779652
Hungary,2017,2.3,13460,8.9,21.1,71.062,30,119.72291666666666,93025,9739857
Hungary,2018,2.3,14240,8.7,19.3,71.351,28.1,129.14958333333334,93025,9713655
Hungary,2019,2.4,14980,8.4,18.6,71.644,27.1,129.40791666666667,93025,9700272
Hungary,2020,2.4,14370,6,15.3,71.942,21.2,121.44791666666667,93025,9689376
Hungary,2021,2.3,15470,6.4,14.3,72.245,20.7,149.14583333333334,93025,9651461
Hungary,2022,2.3,16160,8.2,15.6,72.552,23.8,169.11791666666667,93025,9610403
Hungary,2023,2.3,16050,10,14.5,72.864,24.5,204.32416666666666,93025,9599744
Hungary,2024,2.3,16190,10,14.5,73.179,24.5,204.44291666666666,93025,9584627
Ireland,2003,2.9,43600,3.3,15.3,59.925,18.6,89.33888888888889,69825,3964191
Ireland,2004,2.9,45760,3,15.1,60.202,18.1,98.48888888888888,69825,4028851
Ireland,2005,2.8,47310,3.3,14.6,60.477,17.9,111.04722222222222,69825,4111672
Ireland,2006,2.8,48390,3.3,14.4,60.738,17.7,119.19999999999999,69825,4208156
Ireland,2007,2.8,49450,3.4,14.2,60.94,17.7,119.86111111111111,69825,4340118
Ireland,2008,2.8,46230,3.3,14.4,61.141,17.7,134.59444444444443,69825,4457765
Ireland,2009,2.7,43450,2.8,15,61.342,17.9,114.89999999999999,69825,4521322
Ireland,2010,2.7,43990,2.9,14.5,61.542,17.4,138.19722222222222,69825,4549428
Ireland,2011,2.7,44510,2.9,14.6,61.742,17.4,160.275,69825,4570881
Ireland,2012,2.7,44150,2.8,14.4,61.942,17.2,174.85555555555555,69825,4589287
Ireland,2013,2.7,44890,2.7,14.1,62.141,16.8,169.425,69825,4609779
Ireland,2014,2.7,48770,3,14.7,62.34,17.7,162.61944444444444,69825,4637852
Ireland,2015,2.7,60210,3.1,13.7,62.538,16.7,142.06666666666666,69825,4677627
Ireland,2016,2.7,60220,3,13.6,62.737,16.6,130.21666666666667,69825,4726286
Ireland,2017,2.7,65370,3.1,14.3,62.947,17.4,140.01388888888889,69825,4799157
Ireland,2018,2.6,69390,3.3,15,63.17,18.3,151.325,69825,4855733
Ireland,2019,2.8,71720,3.3,14.9,63.405,18.2,150.40555555555557,69825,4940311
Ireland,2020,2.7,75820,1.4,12.5,63.653,13.9,138.52222222222224,69825,5012600
Ireland,2021,2.7,87160,1.4,13,63.912,14.3,158.27499999999998,69825,5066893
Ireland,2022,2.7,91760,2.5,15.9,64.183,18.4,219.32222222222222,69825,5154277
Ireland,2023,2.7,87810,3,17.6,64.466,20.5,193.51666666666668,69825,5271395
Ireland,2024,2.7,88600,3,17.6,64.76,20.5,197.25555555555556,69825,5351681
Italy,2003,2.5,31570,5.6,11.3,67.501,16.9,88.80833333333334,302068,57186378
Italy,2004,2.5,31790,5.6,11.4,67.62,17,93.95277777777778,302068,57611990
Italy,2005,2.5,31850,6,12.2,67.738,18.2,104.30000000000001,302068,58044368
Italy,2006,2.5,32290,6.1,12.4,67.856,18.5,110.41388888888889,302068,58288996
Italy,2007,2.5,32570,6,12.4,67.974,18.4,111.05277777777778,302068,58510725
Italy,2008,2.4,31990,6,12.4,68.092,18.3,122.83333333333333,302068,59001769
Italy,2009,2.4,30110,5.5,11.7,68.209,17.2,105.61944444444445,302068,59420592
Italy,2010,2.4,30440,5.5,12.8,68.327,18.3,118.03055555555557,302068,59690316
Italy,2011,2.4,30550,5.7,13.2,68.444,18.9,135.98611111111111,302068,59948497
Italy,2012,2.4,29510,6.4,14.7,68.684,21.1,156.03055555555557,302068,60105185
Italy,2013,2.4,28920,6.3,14.1,68.979,20.3,153.21944444444443,302068,60277309
Italy,2014,2.4,28910,6.3,12.9,69.272,19.2,149.5611111111111,302068,60345917
Italy,2015,2.4,29210,6.3,12.3,69.565,18.6,132.82777777777778,302068,60295497
Italy,2016,2.3,29630,6.1,11.9,69.855,18,124.42500000000001,302068,60163712
Italy,2017,2.3,30160,5.9,11.4,70.144,17.3,133.05,302068,60066734
Italy,2018,2.3,30470,6.3,11.7,70.438,18,142.01388888888889,302068,59937769
Italy,2019,2.3,30680,6.3,11.7,70.736,18,140.59722222222223,302068,59816673
Italy,2020,2.3,28100,4.1,10.9,71.039,15,128.39999999999998,302068,59641488
Italy,2021,2.3,30760,4,11.3,71.346,15.3,144.3,302068,59236213
Italy,2022,2.2,32310,6.3,12,71.657,18.3,169.77499999999998,302068,59030133
Italy,2023,2.2,32640,6.8,10,71.973,16.7,168.90833333333333,302068,58997201
Italy,2024,2.2,32890,6.8,10,72.292,16.7,163.54166666666666,302068,58971230
Latvia,2003,2.6,8410,4.8,19.4,67.8,24.3,99.87472222222223,64594,2299390
Latvia,2004,2.6,9240,5.2,21.1,67.9,26.2,113.66722222222222,64594,2276520
Latvia,2005,2.6,10430,5.4,21.1,68,26.5,141.52277777777778,64594,2249724
Latvia,2006,2.6,11870,5.4,18,67.967,23.4,152.7975,64594,2227874
Latvia,2007,2.6,13220,4.9,15.7,67.9,20.6,159.7688888888889,64594,2208840
Latvia,2008,2.6,12900,5.2,16.1,67.834,21.3,184.47083333333333,64594,2191810
Latvia,2009,2.5,11020,4.7,15.1,67.814,19.8,168.90416666666667,64594,2162834
Latvia,2010,2.5,10840,4.7,17.1,67.841,21.8,193.49583333333334,64594,2120504
Latvia,2011,2.4,11380,4.9,18.9,67.869,23.8,227.30499999999998,64594,2074605
Latvia,2012,2.4,12360,4.8,18.3,67.897,23.1,243.85444444444445,64594,2044813
Latvia,2013,2.4,12750,4.7,18,67.925,22.7,235.28166666666664,64594,2023825
Latvia,2014,2.4,13140,4,17,67.952,21,226.81833333333333,64594,2001468
Latvia,2015,2.4,13750,3.5,15.8,67.98,19.3,194.04833333333332,64594,1986096
Latvia,2016,2.4,14230,3.4,15.1,68.021,18.5,179.00916666666666,64594,1968957
Latvia,2017,2.3,14850,3.3,14,68.075,17.3,193.94194444444443,64594,1950116
Latvia,2018,2.3,15610,3.4,13.9,68.142,17.3,217.87444444444446,64594,1934379
Latvia,2019,2.3,15820,3.4,13.7,68.222,17.2,218.63361111111112,64594,1919968
Latvia,2020,2.3,15370,2.5,9.9,68.315,12.3,195.33277777777778,64594,1907675
Latvia,2021,2.3,16580,2.4,9.1,68.421,11.5,229.3425,64594,1893223
Latvia,2022,2.2,16890,3.6,11.7,68.54,15.3,317.09444444444443,64594,1875757
Latvia,2023,2.2,16770,3.8,11.9,68.671,15.8,287.90083333333337,64594,1883008
Latvia,2024,2.2,16910,3.8,11.9,68.815,15.8,283.08,64594,1871882
Lithuania,2003,2.5,8430,1.9,13.1,66.737,15,101.28472222222223,65286,3431497
Lithuania,2004,2.5,9080,1,12,66.646,12.9,109.83694444444444,65286,3398929
Lithuania,2005,2.5,9940,0.7,9.5,66.635,10.2,122.74277777777777,65286,3355220
Lithuania,2006,2.6,10850,0.6,8.5,66.706,9.1,133.68805555555556,65286,3289835
Lithuania,2007,2.6,12190,0.6,8.4,66.777,9,134.3397222222222,65286,3249983
Lithuania,2008,2.5,12640,0.6,8.2,66.848,8.8,153.99527777777777,65286,3212605
Lithuania,2009,2.5,10880,0.6,7.1,66.842,7.7,147.39027777777778,65286,3183856
Lithuania,2010,2.4,11160,0.7,7.6,66.757,8.3,169.7,65286,3141976
Lithuania,2011,2.4,12140,0.8,8.3,66.741,9.2,192.86027777777778,65286,3052588
Lithuania,2012,2.3,12830,0.7,7.3,66.864,8.1,204.79611111111112,65286,3003641
Lithuania,2013,2.3,13480,0.8,7.8,66.986,8.6,200.44194444444443,65286,2974637
Lithuania,2014,2.3,14100,1,10.8,67.108,11.7,193.29777777777778,65286,2947862
Lithuania,2015,2.3,14630,0.9,9.9,67.23,10.8,166.25166666666667,65286,2926644
Lithuania,2016,2.2,15200,1,9.1,67.366,10.1,150.93333333333334,65286,2895573
Lithuania,2017,2.2,16090,0.9,8,67.516,8.9,163.6588888888889,65286,2859077
Lithuania,2018,2.2,17030,1.1,8.5,67.679,9.6,177.6277777777778,65286,2826200
Lithuania,2019,2.2,17870,1,8.4,67.855,9.4,173.245,65286,2812200
Lithuania,2020,2.2,17890,0.8,5.1,68.046,5.8,157.04000000000002,65286,2809977
Lithuania,2021,2.1,19040,0.9,4.5,68.249,5.3,186.0311111111111,65286,2810761
Lithuania,2022,2,19350,1.1,6,68.465,7.1,252.3963888888889,65286,2805998
Lithuania,2023,1.9,19220,1,6.8,68.694,7.9,220.7877777777778,65286,2857279
Lithuania,2024,1.9,19690,1,6.8,68.936,7.9,215.61416666666665,65286,2885891
Luxembourg,2003,2.5,94720,3.7,10.6,85.743,14.3,87.71861111,2586,448300
Luxembourg,2004,2.5,97380,3.6,10.8,86.177,14.4,100.95833333333333,2586,454960
Luxembourg,2005,2.5,98260,3.6,10.9,86.598,14.5,117.37555555555554,2586,461230
Luxembourg,2006,2.5,102580,3.9,10.8,87.009,14.7,125.7025,2586,469086
Luxembourg,2007,2.5,109090,4.1,11.1,87.409,15.1,129.11583333333334,2586,476187
Luxembourg,2008,2.5,106870,4.3,11.4,87.8,15.8,146.62694444444443,2586,483799
Luxembourg,2009,2.5,101540,4.2,11.4,88.178,15.6,117.91388888888888,2586,493500
Luxembourg,2010,2.5,103430,4.5,12.1,88.547,16.5,135.9763888888889,2586,502066
Luxembourg,2011,2.5,102110,4.4,12.5,88.906,16.9,158.08472222222224,2586,511840
Luxembourg,2012,2.4,101440,4.6,12.4,89.249,17,170.37138888888887,2586,524853
Luxembourg,2013,2.5,102010,4.8,12.4,89.574,17.2,164.59277777777777,2586,537039
Luxembourg,2014,2.4,102240,4.3,12.2,89.884,16.4,158.3752777777778,2586,549680
Luxembourg,2015,2.4,102530,4.7,12.4,90.179,17.1,138.7725,2586,562958
Luxembourg,2016,2.5,104920,4.6,12.3,90.46,16.9,125.56333333333333,2586,576249
Luxembourg,2017,2.5,104020,4.7,12.4,90.727,17.1,135.89944444444444,2586,590667
Luxembourg,2018,2.3,103640,4.7,12.4,90.981,17.1,148.33666666666667,2586,602005
Luxembourg,2019,2.3,104310,4.8,12.6,91.223,17.4,148.01611111111112,2586,613894
Luxembourg,2020,2.2,102190,3.3,10.2,91.453,13.4,129.39083333333332,2586,626108
Luxembourg,2021,2.2,107570,3.5,10.2,91.672,13.7,163.64083333333332,2586,634730
Luxembourg,2022,2.3,104100,4.1,12.8,91.881,16.9,229.12388888888887,2586,645397
Luxembourg,2023,2.3,102250,5,12.3,92.078,17.3,203.82972222222222,2586,660809
Luxembourg,2024,2.3,101000,5,12.3,92.266,17.3,197.06083333333333,2586,672050
Montenegro,2003,3.3,5610,2.1,1.9,61.568,4,100.93,13888,610510
Montenegro,2004,3.3,5610,2.1,1.9,62.127,4,100.93,13888,612214
Montenegro,2005,3.3,5610,2.1,1.9,62.465,4,100.93,13888,613420
Montenegro,2006,3.3,5610,2.1,1.9,62.803,4,100.93,13888,613109
Montenegro,2007,3.3,6000,2.1,1.9,63.139,4,100.93,13888,614624
Montenegro,2008,3.3,6400,2.1,1.9,63.475,4,100.93,13888,615543
Montenegro,2009,3.3,6010,2.1,1.9,63.808,4,100.93,13888,617157
Montenegro,2010,3.3,6160,2.1,1.9,64.14,4,100.93,13888,619001
Montenegro,2011,3.3,6360,1.6,2,64.472,3.6,100.93,13888,619850
Montenegro,2012,3.3,6190,1.5,2.7,64.804,4.2,100.93,13888,620308
Montenegro,2013,3.3,6390,1.7,2.6,65.137,4.3,100.93,13888,620893
Montenegro,2014,3.3,6530,1.8,2.6,65.471,4.4,100.93,13888,621521
Montenegro,2015,3.3,6690,1.9,2.6,65.806,4.5,100,13888,622099
Montenegro,2016,3.3,6910,1.8,2.4,66.141,4.2,88.55833333333334,13888,622218
Montenegro,2017,3,7120,1.3,2.4,66.477,3.6,103.7675,13888,622387
Montenegro,2018,3.3,7460,1.3,2.3,66.813,3.6,114.075,13888,622359
Montenegro,2019,3.3,7780,1.2,2.1,67.15,3.4,112.26583333333333,13888,622182
Montenegro,2020,3.3,6610,0.7,0.7,67.488,1.4,96.06,13888,621873
Montenegro,2021,3.3,7500,0.8,0.7,67.826,1.5,110.8,13888,620739
Montenegro,2022,3.3,8100,1,1,68.164,2,138.81916666666666,13888,617683
Montenegro,2023,3.3,8620,1.2,0.9,68.502,2.2,132.26583333333335,13888,616695
Montenegro,2024,3.3,8890,1.2,0.9,68.84,2.2,127.45916666666666,13888,623680
Netherlands,2003,2.3,40740,8.7,3.9,80.341,12.6,94.76777777777778,41543,16192572
Netherlands,2004,2.3,41420,8.4,3.9,81.514,12.3,102.27194444444444,41543,16258032
Netherlands,2005,2.3,42160,8.9,3.8,82.63,12.7,111.73888888888888,41543,16305526
Netherlands,2006,2.3,43590,9.4,3.5,83.636,12.8,117.0261111111111,41543,16334210
Netherlands,2007,2.3,45180,9.6,2.9,84.539,12.5,120.69944444444445,41543,16357992
Netherlands,2008,2.3,45960,9.7,3,85.402,12.7,128.42916666666667,41543,16405399
Netherlands,2009,2.2,44050,9.8,2.9,86.288,12.7,116.17472222222221,41543,16485787
Netherlands,2010,2.2,44400,10.1,3.4,87.134,13.5,129.6902777777778,41543,16574989
Netherlands,2011,2.2,44980,10.4,3.5,87.879,13.9,142.76555555555558,41543,16655799
Netherlands,2012,2.2,44370,10.6,3.2,88.588,13.8,153.24305555555554,41543,16730348
Netherlands,2013,2.2,44230,11.3,2.7,89.187,14,151.05388888888888,41543,16779575
Netherlands,2014,2.2,44780,11.8,2.7,89.69,14.5,148.29777777777778,41543,16829289
Netherlands,2015,2.2,45530,10.8,3,90.173,13.8,134.8536111111111,41543,16900726
Netherlands,2016,2.2,46380,11,3,90.635,14,127.14333333333333,41543,16979120
Netherlands,2017,2.2,47390,11.4,2.9,91.077,14.3,134.69805555555556,41543,17081507
Netherlands,2018,2.2,48180,11.2,3.2,91.49,14.4,142.06722222222223,41543,17181084
Netherlands,2019,2.1,48970,11.2,3.2,91.876,14.4,144.75222222222223,41543,17282163
Netherlands,2020,2.1,46810,7.8,2.1,92.236,9.9,136.3113888888889,41543,17407585
Netherlands,2021,2.1,49490,8.4,2.3,92.572,10.6,159.2811111111111,41543,17475415
Netherlands,2022,2.1,51480,11.6,2.9,92.886,14.5,188.0622222222222,41543,17590672
Netherlands,2023,2.1,50660,12,2.7,93.179,14.7,173.18944444444443,41543,17811291
Netherlands,2024,2.1,50880,12,2.7,93.453,14.7,178.07555555555555,41543,17942942
North Macedonia,2003,3.8,3370,1.4,33.1,57.921,34.5,84.86,25713,2023654
North Macedonia,2004,3.8,3540,1.5,28.8,57.711,30.3,84.86,25713,2029892
North Macedonia,2005,3.8,3720,1.7,19.1,57.532,20.8,97.50666666666666,25713,2035196
North Macedonia,2006,3.8,3940,1.8,17.8,57.383,19.6,106.21833333333332,25713,2038514
North Macedonia,2007,3.8,4210,2.1,20.1,57.264,22.2,105.89041666666667,25713,2041941
North Macedonia,2008,3.8,4470,2.6,22.1,57.175,24.8,115.81333333333333,25713,2045177
North Macedonia,2009,3.8,4480,2.8,21.6,57.117,24.4,91.03666666666668,25713,2048619
North Macedonia,2010,3.8,4660,2.5,22.9,57.089,25.4,108.94333333333333,25713,2052722
North Macedonia,2011,3.7,4800,2,23.1,57.092,25.1,122.97291666666666,25713,2057284
North Macedonia,2012,3.7,4790,1.5,21.2,57.125,22.7,132.14541666666668,25713,2059794
North Macedonia,2013,3.7,4950,0.9,28.4,57.189,29.4,127.82,25713,2062294
North Macedonia,2014,3.7,5140,0.9,26.5,57.284,27.4,122.79958333333333,25713,2065769
North Macedonia,2015,3.7,5360,1.9,24.1,57.408,26,102.62374999999999,25713,2069172
North Macedonia,2016,3.7,5530,0.9,22.1,57.563,23,94.81458333333335,25713,2071278
North Macedonia,2017,3.7,5610,0.6,22.2,57.748,22.8,101.03708333333333,25713,2073702
North Macedonia,2018,3.7,5800,0.6,23,57.963,23.6,112.13958333333333,25713,2075301
North Macedonia,2019,3.7,6070,0.6,20.8,58.208,21.4,108.3925,25713,2077132
North Macedonia,2020,3.6,5840,0.2,6.4,58.482,6.6,95.32416666666666,25713,2076255
North Macedonia,2021,3.6,6170,0.2,5.5,58.786,5.7,111.31583333333333,25713,2068808
North Macedonia,2022,3.1,6360,0.4,8.6,59.118,9,147.19,25713,1837114
North Macedonia,2023,3.1,6540,0.2,7.5,59.479,7.7,134.1275,25713,1829954
North Macedonia,2024,3.1,6750,0.2,7.5,59.868,7.7,130.24041666666668,25713,1826247
Norway,2003,2.1,55570,3.9,6.6,77.084,10.6,90.77222222222223,323772,4552252
Norway,2004,2.1,57460,4.4,7.1,77.399,11.5,96.77777777777777,323772,4577457
Norway,2005,2.1,58610,4.5,7.1,77.675,11.5,105.47777777777777,323772,4606363
Norway,2006,2.1,59560,4.6,6.9,77.95,11.4,113.49444444444445,323772,4640219
Norway,2007,2.1,60670,4.6,6.7,78.234,11.3,115.60555555555555,323772,4681134
Norway,2008,2.1,60210,4.8,6.7,78.526,11.5,127.14999999999999,323772,4737171
Norway,2009,2.1,58300,4.7,6.7,78.815,11.4,119.27222222222223,323772,4799252
Norway,2010,2.1,58030,4.8,6.9,79.102,11.7,129.64722222222224,323772,4858199
Norway,2011,2.1,57920,4.5,7,79.455,11.6,142.89444444444445,323772,4920305
Norway,2012,2.1,58710,4.6,5.6,79.874,10.2,149.58333333333334,323772,4985870
Norway,2013,2.1,58590,4.8,5.5,80.286,10.2,149.01944444444445,323772,5051275
Norway,2014,2.1,59130,4.9,5.4,80.692,10.2,150.10555555555555,323772,5109056
Norway,2015,2,59610,4.9,5.7,81.091,10.6,141.60833333333332,323772,5165802
Norway,2016,2,59780,5,5.8,81.485,10.9,136.86944444444444,323772,5213985
Norway,2017,1.9,60780,5.5,6.4,81.871,11.9,146.98333333333332,323772,5258317
Norway,2018,2,60880,5.7,6.5,82.248,12.2,159.38888888888889,323772,5295619
Norway,2019,2,61150,5.6,6.9,82.616,12.4,160.2,323772,5328212
Norway,2020,2,60020,3.1,4.8,82.974,7.9,149.89166666666668,323772,5367580
Norway,2021,2,62030,2.9,4.8,83.323,7.7,168.47777777777776,323772,5391369
Norway,2022,2,63470,4.7,5,83.664,9.8,227.58333333333334,323772,5425270
Norway,2023,2,62790,5.3,5.7,83.995,11,218.94444444444446,323772,5488984
Norway,2024,2,63500,5.3,5.7,84.318,11,218.96666666666667,323772,5550217
Poland,2003,2.8,7440,8.8,13.5,61.676,22.4,122.32222222222224,312679,38218531
Poland,2004,2.8,7820,8.5,23.6,61.564,32.1,137.25555555555556,312679,38190608
Poland,2005,2.8,8080,8.2,22.4,61.452,30.6,151.93055555555554,312679,38173835
Poland,2006,2.8,8590,6.9,10.6,61.341,17.5,154.2,312679,38157055
Poland,2007,2.8,9170,9.3,13.1,61.229,22.4,163.96666666666667,312679,38125479
Poland,2008,2.8,9570,6.2,8.4,61.116,14.5,171.30833333333334,312679,38115641
Poland,2009,2.8,9810,5.2,12.6,61.004,17.9,159.27222222222224,312679,38135876
Poland,2010,2.8,10150,7.1,16.8,60.892,23.9,178.00833333333333,312679,38022869
Poland,2011,2.8,10680,6.9,15.7,60.78,22.6,202.11944444444444,312679,38062718
Poland,2012,2.8,10840,7.2,16,60.654,23.2,223.8,312679,38063792
Poland,2013,2.8,10930,6.7,15.2,60.529,22,215.08055555555555,312679,38062535
Poland,2014,2.8,11360,6.3,15.5,60.403,21.8,207.78055555555557,312679,38017856
Poland,2015,2.8,11870,6.7,14.6,60.278,21.3,179.81944444444446,312679,38005614
Poland,2016,2.8,12240,7.1,13.7,60.178,20.7,167.89999999999998,312679,37967209
Poland,2017,2.8,12870,7.3,13,60.105,20.3,179.86111111111111,312679,37972964
Poland,2018,2.8,13680,7.4,12.2,60.058,19.6,194.06666666666666,312679,37976687
Poland,2019,2.8,14310,7.6,12.5,60.037,20.1,197,312679,37972812
Poland,2020,2.8,14310,4.9,7.5,60.043,12.4,176.48333333333332,312679,37958138
Poland,2021,2.8,15380,5.9,7.8,60.075,13.8,215.7611111111111,312679,37073357
Poland,2022,2.9,15840,8.3,9,60.134,17.3,271.1305555555556,312679,36889761
Poland,2023,2.9,15950,8.5,9.4,60.218,18,260.18333333333334,312679,36753736
Poland,2024,2.9,16470,8.5,9.4,60.33,18,253.7611111111111,312679,36620970
Portugal,2003,2.8,18600,3.9,11,56.287,14.9,90.59083333333334,92225.2,10444592
Portugal,2004,2.8,18890,3.8,11.1,56.907,14.9,97.88944444444445,92225.2,10473050
Portugal,2005,2.8,19000,4,6.7,57.522,10.7,110.94361111111111,92225.2,10494672
Portugal,2006,2.8,19280,4,6.3,58.137,10.4,123.37472222222222,92225.2,10511988
Portugal,2007,2.8,19720,4.1,6.5,58.749,10.6,127.66805555555555,92225.2,10532588
Portugal,2008,2.7,19760,4.3,6.4,59.359,10.8,137.9886111111111,92225.2,10553339
Portugal,2009,2.7,19120,4.4,6.2,59.964,10.6,118.81583333333333,92225.2,10563014
Portugal,2010,2.7,19440,4.4,6.5,60.567,10.9,134.35027777777776,92225.2,10573479
Portugal,2011,2.6,19110,4.6,5.1,61.167,9.7,155.08416666666665,92225.2,10572721
Portugal,2012,2.6,18410,4.2,5.3,61.763,9.5,165.68138888888888,92225.2,10558950
Portugal,2013,2.6,18330,4,5.3,62.352,9.3,159.2227777777778,92225.2,10503889
Portugal,2014,2.6,18560,4.2,4.8,62.936,9,152.1425,92225.2,10444092
Portugal,2015,2.5,18920,4.2,5.8,63.514,10,140.85000000000002,92225.2,10395121
Portugal,2016,2.5,19350,4.3,5.3,64.086,9.6,137.8711111111111,92225.2,10368554
Portugal,2017,2.5,20020,4.4,6,64.652,10.4,149.11722222222224,92225.2,10344478
Portugal,2018,2.5,20620,4.3,6.3,65.211,10.5,159.84805555555556,92225.2,10335770
Portugal,2019,2.5,21150,4.6,6.1,65.764,10.7,159.33277777777778,92225.2,10333496
Portugal,2020,2.5,19360,2.8,4.2,66.31,7,146.99361111111114,92225.2,10375395
Portugal,2021,2.5,20390,2.9,5.7,66.849,8.7,168.82944444444445,92225.2,10394297
Portugal,2022,2.5,21690,4,7.6,67.381,11.6,205.35472222222222,92225.2,10421117
Portugal,2023,2.5,22130,4.2,7.5,67.906,11.8,185.3961111111111,92225.2,10516621
Portugal,2024,2.4,22350,4.2,7.5,68.423,11.8,184.6913888888889,92225.2,10639726
Romania,2003,2.9,5690,11.5,12.8,52.912,24.3,63.345,238398,21627509
Romania,2004,2.9,6320,11.4,12.4,53.043,23.8,70.93666666666667,238398,21521142
Romania,2005,2.9,6650,9.9,14.6,53.174,24.5,80.78166666666667,238398,21382354
Romania,2006,2.9,7230,9.6,14,53.305,23.6,84.18124999999999,238398,21257016
Romania,2007,2.9,7870,8.6,14,53.436,22.5,83.30958333333334,238398,21130503
Romania,2008,2.8,8740,7.1,20.7,53.567,27.8,93.78708333333333,238398,20635460
Romania,2009,2.8,8330,6.5,13.6,53.698,20,92.41208333333333,238398,20440290
Romania,2010,2.7,8050,5.6,16.3,53.829,22,110.69,238398,20294683
Romania,2011,2.7,8460,5.3,16.2,53.96,21.5,128.81583333333333,238398,20199059
Romania,2012,2.7,8660,4.6,17.2,53.974,21.8,140.06125,238398,20095996
Romania,2013,2.7,8710,4.3,16.8,53.937,21.1,139.51125,238398,20020074
Romania,2014,2.7,9100,4.6,16.9,53.9,21.5,144.17375,238398,19947311
Romania,2015,2.7,9430,4.5,17.6,53.887,22.1,131.21916666666667,238398,19870647
Romania,2016,2.7,9760,4.1,17.6,53.9,21.7,121.68624999999999,238398,19760585
Romania,2017,2.6,10620,4.5,17.7,53.936,22.2,119.76083333333334,238398,19643949
Romania,2018,2.6,11260,4.2,17,53.998,21.2,135.685,238398,19533481
Romania,2019,2.6,11760,4.2,16.9,54.084,21.1,137.32416666666668,238398,19414458
Romania,2020,2.6,11390,3.1,14.3,54.194,17.4,115.8275,238398,19328838
Romania,2021,2.5,12130,3.3,13.7,54.329,17,139.04708333333335,238398,19201662
Romania,2022,2.5,12690,4.1,13.6,54.489,17.6,185.03666666666666,238398,19042455
Romania,2023,2.5,12970,4,14.7,54.672,18.7,167.55666666666667,238398,19054548
Romania,2024,2.5,13100,4,14.7,54.88,18.7,174.8216666666667,238398,19067576
Serbia,2003,2.9,4390,1.5,13,53.437,14.5,54.6,88444,7490918
Serbia,2004,2.9,4700,1.5,13,53.661,14.5,54.6,88444,7470263
Serbia,2005,2.9,4990,1.5,13,53.883,14.5,54.6,88444,7456050
Serbia,2006,2.9,5200,1.5,13,54.105,14.5,58.775,88444,7425487
Serbia,2007,2.9,5630,1.5,13,54.328,14.5,58.925000000000004,88444,7397651
Serbia,2008,2.9,5950,1.5,13,54.55,14.5,69.2,88444,7365507
Serbia,2009,2.9,5790,1.5,13,54.772,14.5,68.875,88444,7334937
Serbia,2010,2.9,5900,1.5,13,54.993,14.5,82.19166666666668,88444,7306677
Serbia,2011,2.9,5950,1.7,14.9,55.215,16.6,93.51666666666667,88444,7251549
Serbia,2012,2.9,5950,1.7,14.6,55.356,16.3,107.68333333333334,88444,7216649
Serbia,2013,2.9,6010,1.9,14.3,55.469,16.2,107.54166666666667,88444,7181505
Serbia,2014,2.9,5930,1.4,13,55.583,14.3,108.03333333333335,88444,7146759
Serbia,2015,2.9,6040,1.5,13.6,55.696,15.1,100.00833333333333,88444,7114393
Serbia,2016,2.9,6250,1.3,12.5,55.81,13.8,95.825,88444,7076372
Serbia,2017,2.9,6430,1.1,12.3,55.942,13.4,104.75833333333333,88444,7040272
Serbia,2018,2.9,6770,1,13.9,56.092,14.9,111.175,88444,7001444
Serbia,2019,2.7,7130,0.8,12.9,56.26,13.6,111.13333333333333,88444,6963764
Serbia,2020,2.6,7110,0.5,10,56.446,10.5,100.10000000000001,88444,6926705
Serbia,2021,2.6,7740,0.6,10.6,56.651,11.2,112.94166666666666,88444,6871547
Serbia,2022,2.6,8160,1.1,12.3,56.873,13.5,136.24166666666667,88444,6797105
Serbia,2023,2.6,8510,1.3,12,57.113,13.3,133.60833333333332,88444,6641197
Serbia,2024,2.6,8900,1.3,12,57.371,13.3,137.63333333333333,88444,6605168
Slovenia,2003,2.8,17180,3,13.5,51.082,16.5,68.45666666666666,20273,1995033
Slovenia,2004,2.8,17950,2.7,12.4,51.308,15.1,74.64833333333333,20273,1996433
Slovenia,2005,2.8,18610,2.7,11.6,51.533,14.4,86.08999999999999,20273,1997590
Slovenia,2006,2.8,19640,2.7,11.4,51.758,14.1,94.02333333333333,20273,2003358
Slovenia,2007,2.8,20930,2.6,11.4,51.983,14,95.85708333333334,20273,2010377
Slovenia,2008,2.8,21600,2.7,10.9,52.209,13.6,105.93583333333333,20273,2010269
Slovenia,2009,2.8,19770,2.6,10.7,52.433,13.3,94.57083333333333,20273,2032362
Slovenia,2010,2.6,19920,2.5,10.8,52.658,13.2,110.38875,20273,2046976
Slovenia,2011,2.6,20010,2.3,11,52.883,13.4,122.33333333333333,20273,2050189
Slovenia,2012,2.5,19390,2.3,11.1,53.108,13.3,137.30583333333334,20273,2055496
Slovenia,2013,2.5,19210,2.3,11.4,53.332,13.7,138.355,20273,2058821
Slovenia,2014,2.5,19720,2.1,11.6,53.557,13.7,135.85958333333335,20273,2061085
Slovenia,2015,2.5,20170,2.1,11.8,53.781,13.9,119.27208333333334,20273,2062874
Slovenia,2016,2.5,20770,2,11.9,54.02,13.9,109.29958333333333,20273,2064188
Slovenia,2017,2.5,21830,1.8,11.7,54.273,13.5,118.58208333333334,20273,2065895
Slovenia,2018,2.5,22720,1.8,11.7,54.541,13.5,127.07666666666667,20273,2066880
Slovenia,2019,2.4,23330,1.8,11.6,54.822,13.3,124.52166666666666,20273,2080908
Slovenia,2020,2.5,22230,1.4,8.6,55.118,10,105.15833333333335,20273,2095861
Slovenia,2021,2.5,24040,2.1,9.5,55.427,11.6,123.55958333333332,20273,2108977
Slovenia,2022,2.4,24660,2.4,11.6,55.751,13.9,158.10833333333332,20273,2107180
Slovenia,2023,2.4,25120,2.6,11.9,56.088,14.5,148.83708333333334,20273,2116972
Slovenia,2024,2.4,25480,2.6,11.9,56.438,14.5,148.38333333333333,20273,2123949
Spain,2003,2.7,24220,5.1,11.8,76.778,16.9,90.75555555555555,506009,41827838
Spain,2004,2.7,24590,5,13.2,77.022,18.3,97.57583333333334,506009,42547451
Spain,2005,2.8,25000,5.1,12.9,77.263,18,110.67555555555556,506009,43296338
Spain,2006,2.7,25600,5.2,12,77.502,17.2,118.42805555555555,506009,44009971
Spain,2007,2.7,25990,5,14,77.74,19,119.88222222222223,506009,44784666
Spain,2008,2.7,25760,5.5,14.3,77.976,19.7,136.32444444444445,506009,45668939
Spain,2009,2.7,24590,5.4,13.3,78.21,18.6,113.67083333333333,506009,46239273
Spain,2010,2.6,24510,5.4,12.3,78.442,17.7,133.47527777777776,506009,46486619
Spain,2011,2.6,24260,5.6,13.5,78.673,19.1,155.49666666666667,506009,46667174
Spain,2012,2.6,23560,5.6,13.7,78.902,19.3,168.4986111111111,506009,46818219
Spain,2013,2.5,23310,6.1,13.2,79.133,19.3,168.56055555555557,506009,46712650
Spain,2014,2.5,23730,6.7,10.6,79.366,17.3,163.0236111111111,506009,46495744
Spain,2015,2.5,24720,6.7,11.9,79.602,18.6,142.27027777777778,506009,46425722
Spain,2016,2.5,25420,5.8,10.4,79.84,16.3,131.21277777777777,506009,46418884
Spain,2017,2.5,26110,6.4,7.1,80.08,13.6,141.2611111111111,506009,46497393
Spain,2018,2.5,26620,6.5,7.3,80.321,13.8,153.23444444444442,506009,46645070
Spain,2019,2.5,26930,6.5,7.5,80.565,14,155.42694444444444,506009,46918951
Spain,2020,2.5,23850,3.8,5.9,80.81,9.7,138.07111111111112,506009,47318050
Spain,2021,2.5,25440,4.2,7.4,81.056,11.7,161.65444444444447,506009,47400798
Spain,2022,2.5,26820,6.1,8.4,81.304,14.5,205.58277777777778,506009,47486843
Spain,2023,2.5,27150,7.3,8.7,81.552,16.1,197.49249999999998,506009,48085361
Spain,2024,2.5,27800,7.3,8.7,81.802,16.1,191.0727777777778,506009,48619695
Sweden,2003,2.1,38890,7.7,8,84.196,15.7,92.49694444444444,438574,8940788
Sweden,2004,2.1,40360,7.5,7.8,84.258,15.3,98.39472222222223,438574,8975670
Sweden,2005,2.1,41330,7.7,7.6,84.319,15.4,110.4075,438574,9011392
Sweden,2006,2.1,42990,8.3,7.6,84.43,15.9,113.71722222222223,438574,9047752
Sweden,2007,2.1,44080,8.7,7.4,84.588,16.1,115.55916666666667,438574,9113257
Sweden,2008,2.1,43330,9.4,7.2,84.746,16.7,126.9738888888889,438574,9182927
Sweden,2009,2,41130,9.5,7.1,84.902,16.6,120.36833333333334,438574,9256347
Sweden,2010,2.1,43130,9.4,7.2,85.056,16.6,129.79777777777778,438574,9340682
Sweden,2011,2.1,44150,8.7,7.4,85.297,16.2,141.58527777777778,438574,9415570
Sweden,2012,2.1,43650,9.1,7.3,85.62,16.4,150.23527777777778,438574,9482855
Sweden,2013,2,43770,9.1,7.5,85.936,16.6,145.38250000000002,438574,9555893
Sweden,2014,2,44330,9.2,7.3,86.247,16.5,143.0125,438574,9644864
Sweden,2015,2,45790,9.5,7.3,86.553,16.8,133.5622222222222,438574,9747355
Sweden,2016,2,46220,11,8.5,86.852,19.5,131.51611111111112,438574,9851017
Sweden,2017,2.1,46420,11.2,8.4,87.146,19.6,141.23472222222222,438574,9995153
Sweden,2018,2,46700,11.3,8.3,87.431,19.6,154.3413888888889,438574,10120242
Sweden,2019,2,47410,12.2,8.4,87.708,20.5,158.5952777777778,438574,10230185
Sweden,2020,2,46180,7.6,8.4,87.977,16,142.6052777777778,438574,10327589
Sweden,2021,2,48300,7.5,8.3,88.238,15.9,166.34,438574,10379295
Sweden,2022,2,48390,11,8,88.492,19,223.1536111111111,438574,10452326
Sweden,2023,2,47960,10.6,7.6,88.738,18.2,215.07972222222222,438574,10521556
Sweden,2024,2,48210,10.6,7.6,88.976,18.2,181.9325,438574,10551707
Switzerland,2003,2.3,64720,15,5.2,73.427,20.2,89.35,41291,7313853
Switzerland,2004,2.3,66020,15.3,5.2,73.452,20.4,89.35,41291,7364148
Switzerland,2005,2.3,67440,16.3,5.3,73.478,21.6,100.07083333333333,41291,7415102
Switzerland,2006,2.3,69750,16.5,5.6,73.504,22.1,109.39999999999999,41291,7459128
Switzerland,2007,2.3,71840,17,5.5,73.53,22.6,112.00416666666666,41291,7508739
Switzerland,2008,2.3,72990,17.1,5.2,73.556,22.2,132.275,41291,7593494
Switzerland,2009,2.3,70520,17.4,5.1,73.581,22.5,97.625,41291,7701856
Switzerland,2010,2.3,72250,17.6,5.1,73.607,22.7,110.90833333333335,41291,7785806
Switzerland,2011,2.3,72900,19.6,5.7,73.631,25.2,121.14583333333333,41291,7870134
Switzerland,2012,2.3,72960,19.2,5.7,73.653,25,127.14999999999999,41291,7954662
Switzerland,2013,2.3,73420,19.3,5.7,73.674,25,123.96666666666665,41291,8039060
Switzerland,2014,2.2,74230,19.6,5.8,73.696,25.4,120.925,41291,8139631
Switzerland,2015,2.2,74530,19.7,5.9,73.718,25.6,99.92625,41291,8237666
Switzerland,2016,2.2,75260,19.8,5.9,73.739,25.7,94.01375,41291,8327126
Switzerland,2017,2.2,75580,19.6,5.9,73.761,25.5,102.29458333333334,41291,8419550
Switzerland,2018,2.2,77180,19.3,5.9,73.797,25.2,114.72791666666666,41291,8484130
Switzerland,2019,2.2,77510,20,6.1,73.849,26.1,111.50583333333333,41291,8544527
Switzerland,2020,2.2,75280,15.5,6.3,73.915,21.8,96.03416666666668,41291,8606033
Switzerland,2021,2.2,78880,15.8,6.4,73.996,22.1,113.40625,41291,8670300
Switzerland,2022,2.1,80600,19.4,6.3,74.092,25.7,149.95291666666665,41291,8738791
Switzerland,2023,2.2,79940,21.2,6.3,74.202,27.5,135.30958333333334,41291,8815385
Switzerland,2024,2.2,80080,21.2,6.3,74.327,27.5,130.56208333333333,41291,8962258