Country,Year,Household_Size,Real_GDP_Per_Capita,Train_Transport_Pct,Bus_Transport_Pct,Urban_Population_Pct,All_Transport_Pct,Fuel_Price_Index,Car_Stock,Population,EPS_Index,Surface_Area_km2,Railway_1890,Railway_1895,Railway_1900,Railway_1905,Railway_1910,Size_Dummy
Ireland,2003,2.9,43600.0,3.3,15.3,59.925,18.6,89.33888888888889,1532000.0,3964191,1.9722222,69825.0,4496.0,5109.0,5125.0,5333.0,5476.0,0
Ireland,2004,2.9,45760.0,3.0,15.1,60.202,18.1,98.48888888888888,1582000.0,4028851,2.0277777,69825.0,4496.0,5109.0,5125.0,5333.0,5476.0,0
Ireland,2005,2.8,47310.0,3.3,14.6,60.477,17.9,111.04722222222222,1662000.0,4111672,2.0833333,69825.0,4496.0,5109.0,5125.0,5333.0,5476.0,0
Ireland,2006,2.8,48390.0,3.3,14.4,60.738,17.7,119.19999999999999,1779000.0,4208156,2.4444444,69825.0,4496.0,5109.0,5125.0,5333.0,5476.0,0
Ireland,2007,2.8,49450.0,3.4,14.2,60.94,17.7,119.86111111111111,1883000.0,4340118,2.3611112,69825.0,4496.0,5109.0,5125.0,5333.0,5476.0,0
Ireland,2008,2.8,46230.0,3.3,14.4,61.141,17.7,134.59444444444443,2000500.0,4457765,2.6388888,69825.0,4496.0,5109.0,5125.0,5333.0,5476.0,0
Ireland,2009,2.7,43450.0,2.8,15.0,61.342,17.9,114.89999999999999,1971740.0,4521322,2.6666667,69825.0,4496.0,5109.0,5125.0,5333.0,5476.0,0
Ireland,2010,2.7,43990.0,2.9,14.5,61.542,17.4,138.19722222222222,1937130.0,4549428,2.6666667,69825.0,4496.0,5109.0,5125.0,5333.0,5476.0,0
Ireland,2011,2.7,44510.0,2.9,14.6,61.742,17.4,160.275,1962460.0,4570881,2.5833333,69825.0,4496.0,5109.0,5125.0,5333.0,5476.0,0
Ireland,2012,2.7,44150.0,2.8,14.4,61.942,17.2,174.85555555555555,1951130.0,4589287,2.5833333,69825.0,4496.0,5109.0,5125.0,5333.0,5476.0,0
Ireland,2013,2.7,44890.0,2.7,14.1,62.141,16.8,169.425,1981830.0,4609779,2.8055556,69825.0,4496.0,5109.0,5125.0,5333.0,5476.0,0
Ireland,2014,2.7,48770.0,3.0,14.7,62.34,17.7,162.61944444444444,2018310.0,4637852,2.8611112,69825.0,4496.0,5109.0,5125.0,5333.0,5476.0,0
Ireland,2015,2.7,60210.0,3.1,13.7,62.538,16.7,142.06666666666666,2060170.0,4677627,2.8611112,69825.0,4496.0,5109.0,5125.0,5333.0,5476.0,0
Ireland,2016,2.7,60220.0,3.0,13.6,62.737,16.6,130.21666666666667,2102720.0,4726286,2.5,69825.0,4496.0,5109.0,5125.0,5333.0,5476.0,0
Ireland,2017,2.7,65370.0,3.1,14.3,62.947,17.4,140.01388888888889,2142390.0,4799157,2.4444444,69825.0,4496.0,5109.0,5125.0,5333.0,5476.0,0
Ireland,2018,2.6,69390.0,3.3,15.0,63.17,18.3,151.325,2182920.0,4855733,2.5,69825.0,4496.0,5109.0,5125.0,5333.0,5476.0,0
Ireland,2019,2.8,71720.0,3.3,14.9,63.405,18.2,150.40555555555557,2253210.0,4940311,2.5555556,69825.0,4496.0,5109.0,5125.0,5333.0,5476.0,0
Ireland,2020,2.7,75820.0,1.4,12.5,63.653,13.9,138.52222222222224,2291940.0,5012600,3.0,69825.0,4496.0,5109.0,5125.0,5333.0,5476.0,0
Ireland,2021,2.7,87160.0,1.4,13.0,63.912,14.3,158.27499999999998,2309760.0,5066893,3.0,69825.0,4496.0,5109.0,5125.0,5333.0,5476.0,0
Ireland,2022,2.7,91760.0,2.5,15.9,64.183,18.4,219.32222222222222,2335130.0,5154277,3.0,69825.0,4496.0,5109.0,5125.0,5333.0,5476.0,0
Ireland,2023,2.7,87810.0,3.0,17.6,64.466,20.5,193.51666666666668,2404140.0,5271395,3.0,69825.0,4496.0,5109.0,5125.0,5333.0,5476.0,0
Ireland,2024,2.7,88600.0,3.0,17.6,64.76,20.5,197.25555555555556,2534636.0,5351681,3.0,69825.0,4496.0,5109.0,5125.0,5333.0,5476.0,0
France,2003,2.3,32600.0,8.4,5.0,76.632,13.4,88.61055555555555,29560000.0,61864088,2.0833333,551500.0,33280.0,36240.0,38109.0,39607.0,40484.0,1
France,2004,2.3,33300.0,8.7,5.1,76.883,13.8,96.06305555555555,29900000.0,62292241,2.8333333,551500.0,33280.0,36240.0,38109.0,39607.0,40484.0,1
France,2005,2.3,33680.0,9.1,5.2,77.13,14.2,110.67333333333333,30100000.0,62772870,2.8611112,551500.0,33280.0,36240.0,38109.0,39607.0,40484.0,1
France,2006,2.3,34360.0,9.4,5.3,77.377,14.7,118.10305555555556,30400000.0,63229635,3.0833333,551500.0,33280.0,36240.0,38109.0,39607.0,40484.0,1
France,2007,2.3,35010.0,9.6,5.5,77.621,15.1,119.95527777777778,30700000.0,63645065,3.25,551500.0,33280.0,36240.0,38109.0,39607.0,40484.0,1
France,2008,2.3,34960.0,10.1,5.7,77.868,15.8,137.8725,31047000.0,64007193,3.4166667,551500.0,33280.0,36240.0,38109.0,39607.0,40484.0,1
France,2009,2.2,33800.0,9.4,5.2,78.117,14.6,111.35,31394000.0,64350226,3.6944444,551500.0,33280.0,36240.0,38109.0,39607.0,40484.0,1
France,2010,2.2,34310.0,9.7,5.2,78.369,14.9,127.8463888888889,31657000.0,64658856,3.6111112,551500.0,33280.0,36240.0,38109.0,39607.0,40484.0,1
France,2011,2.2,34990.0,10.0,5.3,78.622,15.3,147.60666666666668,35252631.0,64978721,3.9444444,551500.0,33280.0,36240.0,38109.0,39607.0,40484.0,1
France,2012,2.2,34880.0,9.5,5.4,78.878,14.9,155.96166666666667,35531728.0,65276983,3.9166667,551500.0,33280.0,36240.0,38109.0,39607.0,40484.0,1
France,2013,2.2,34990.0,10.1,5.5,79.135,15.6,152.15194444444444,36149230.0,65600350,3.9166667,551500.0,33280.0,36240.0,38109.0,39607.0,40484.0,1
France,2014,2.2,35150.0,9.9,5.6,79.394,15.4,145.55472222222224,36647883.0,66165980,4.2222223,551500.0,33280.0,36240.0,38109.0,39607.0,40484.0,1
France,2015,2.2,35370.0,9.9,5.6,79.655,15.5,129.83583333333334,37180101.0,66458153,4.0277777,551500.0,33280.0,36240.0,38109.0,39607.0,40484.0,1
France,2016,2.2,35540.0,9.8,5.6,79.917,15.4,122.90055555555556,37673476.0,66638391,3.9166667,551500.0,33280.0,36240.0,38109.0,39607.0,40484.0,1
France,2017,2.2,36140.0,9.8,5.6,80.18,15.4,135.7147222222222,38117663.0,66809816,4.1666665,551500.0,33280.0,36240.0,38109.0,39607.0,40484.0,1
France,2018,2.2,36570.0,9.5,5.7,80.444,15.2,156.00972222222222,38229305.0,67026224,4.5555553,551500.0,33280.0,36240.0,38109.0,39607.0,40484.0,1
France,2019,2.1,37160.0,9.9,5.7,80.709,15.6,156.65277777777777,38423556.0,67290471,4.7222223,551500.0,33280.0,36240.0,38109.0,39607.0,40484.0,1
France,2020,2.2,34280.0,7.3,4.9,80.975,12.2,137.19972222222222,38470122.0,67473651,4.8888888,551500.0,33280.0,36240.0,38109.0,39607.0,40484.0,1
France,2021,2.2,36470.0,8.6,4.8,81.242,13.4,156.33277777777778,38818914.0,67728568,4.8888888,551500.0,33280.0,36240.0,38109.0,39607.0,40484.0,1
France,2022,2.2,37320.0,10.5,5.0,81.509,15.5,202.85194444444446,38973339.0,68091703,4.8888888,551500.0,33280.0,36240.0,38109.0,39607.0,40484.0,1
France,2023,2.2,37760.0,11.1,5.2,81.777,16.3,198.705,39358421.0,68277210,4.8888888,551500.0,33280.0,36240.0,38109.0,39607.0,40484.0,1
France,2024,2.1,38110.0,11.1,5.2,82.044,16.3,188.77,39738933.0,68467362,4.8888888,551500.0,33280.0,36240.0,38109.0,39607.0,40484.0,1
Hungary,2003,2.5,10050.0,13.4,24.6,65.489,38.0,73.96083333333333,2777000.0,10142362,2.3611112,93025.0,,,,,,1
Hungary,2004,2.5,10570.0,13.5,22.7,65.896,36.2,77.89541666666666,2828000.0,10116742,2.2222223,93025.0,,,,,,1
Hungary,2005,2.5,11050.0,12.6,23.4,66.365,36.0,85.38625,2889000.0,10097549,2.8333333,93025.0,,,,,,1
Hungary,2006,2.6,11500.0,12.0,22.1,66.895,34.1,91.11125,3214000.0,10076581,2.9722223,93025.0,,,,,,1
Hungary,2007,2.6,11550.0,11.0,21.1,67.421,32.1,89.99374999999999,3262000.0,10066158,2.7777777,93025.0,,,,,,1
Hungary,2008,2.6,11690.0,10.1,24.2,67.943,34.3,99.18416666666667,3055000.0,10045401,3.0555556,93025.0,,,,,,1
Hungary,2009,2.6,10920.0,10.2,20.7,68.46,30.9,91.70625,3013720.0,10030975,3.6388888,93025.0,,,,,,1
Hungary,2010,2.6,11060.0,10.0,21.5,68.911,31.5,110.49083333333334,2984060.0,10014324,3.5277777,93025.0,,,,,,1
Hungary,2011,2.4,11300.0,10.2,21.5,69.358,31.7,127.38041666666668,2967810.0,9985722,3.6666667,93025.0,,,,,,1
Hungary,2012,2.4,11220.0,10.1,22.3,69.678,32.4,143.40958333333333,2986030.0,9931925,3.5555556,93025.0,,,,,,1
Hungary,2013,2.4,11490.0,10.3,21.4,69.953,31.7,140.5575,3040732.0,9895250,2.8888888,93025.0,,,,,,1
Hungary,2014,2.4,12040.0,10.0,21.3,70.227,31.4,137.45458333333332,3107695.0,9850217,2.8888888,93025.0,,,,,,1
Hungary,2015,2.3,12530.0,9.7,20.9,70.5,30.5,120.64833333333333,3196856.0,9815858,2.9722223,93025.0,,,,,,1
Hungary,2016,2.3,12880.0,9.2,21.5,70.779,30.8,111.89791666666667,3313206.0,9779652,2.6944444,93025.0,,,,,,1
Hungary,2017,2.3,13460.0,8.9,21.1,71.062,30.0,119.72291666666666,3471997.0,9739857,3.1111112,93025.0,,,,,,1
Hungary,2018,2.3,14240.0,8.7,19.3,71.351,28.1,129.14958333333334,3641823.0,9713655,2.6944444,93025.0,,,,,,1
Hungary,2019,2.4,14980.0,8.4,18.6,71.644,27.1,129.40791666666667,3812013.0,9700272,2.75,93025.0,,,,,,1
Hungary,2020,2.4,14370.0,6.0,15.3,71.942,21.2,121.44791666666667,3920799.0,9689376,2.8055556,93025.0,,,,,,1
Hungary,2021,2.3,15470.0,6.4,14.3,72.245,20.7,149.14583333333334,4020159.0,9651461,2.8055556,93025.0,,,,,,1
Hungary,2022,2.3,16160.0,8.2,15.6,72.552,23.8,169.11791666666667,4094129.0,9610403,2.8055556,93025.0,,,,,,1
Hungary,2023,2.3,16050.0,10.0,14.5,72.864,24.5,204.32416666666666,4168651.0,9599744,2.8055556,93025.0,,,,,,1
Hungary,2024,2.3,16190.0,10.0,14.5,73.179,24.5,204.44291666666666,4263067.0,9584627,2.8055556,93025.0,,,,,,1
Germany,2003,2.1,34960.0,7.2,6.8,75.577,13.9,98.65,45023000.0,82536680,2.6666667,357581.0,,,,,,1
Germany,2004,2.1,35400.0,7.5,6.7,75.779,14.2,104.04166666666667,45376000.0,82531671,2.7777777,357581.0,,,,,,1
Germany,2005,2.1,35770.0,7.5,6.7,75.98,14.2,116.72500000000001,46090000.0,82500849,2.8888888,357581.0,,,,,,1
Germany,2006,2.1,37230.0,7.8,6.6,76.179,14.4,124.38055555555555,46570000.0,82437995,2.9444444,357581.0,,,,,,1
Germany,2007,2.1,38390.0,7.8,6.5,76.378,14.3,128.13888888888889,41184000.0,82314906,2.7777777,357581.0,,,,,,1
Germany,2008,2.1,38840.0,8.1,6.3,76.575,14.4,142.4138888888889,41321000.0,82217837,3.0277777,357581.0,,,,,,1
Germany,2009,2.0,36810.0,7.9,6.1,76.771,14.0,120.28055555555557,41738000.0,82002356,3.1388888,357581.0,,,,,,1
Germany,2010,2.0,38430.0,8.0,6.0,76.966,14.0,136.3,42302000.0,81802257,3.0833333,357581.0,,,,,,1
Germany,2011,2.0,39880.0,8.4,7.3,77.16,15.7,155.10000000000002,42928000.0,80222065,3.1666667,357581.0,,,,,,1
Germany,2012,2.0,40010.0,8.8,7.1,77.17,15.8,164.99444444444444,43431000.0,80327900,3.0555556,357581.0,,,,,,1
Germany,2013,2.0,40100.0,8.3,7.2,77.18,15.5,158.24444444444444,43851000.0,80523746,3.2222223,357581.0,,,,,,1
Germany,2014,2.0,40850.0,8.3,7.2,77.19,15.5,150.19722222222222,44403000.0,80767463,3.1111112,357581.0,,,,,,1
Germany,2015,2.0,41230.0,8.2,7.4,77.2,15.6,129.09444444444443,45071000.0,81197537,3.0277777,357581.0,,,,,,1
Germany,2016,2.0,41880.0,8.4,7.3,77.224,15.7,115.36666666666666,45803560.0,82175684,3.0833333,357581.0,,,,,,1
Germany,2017,2.0,42960.0,8.7,7.3,77.261,16.0,123.29722222222222,46474594.0,82521653,3.0277777,357581.0,,,,,,1
Germany,2018,2.0,43390.0,8.9,7.2,77.312,16.1,135.71944444444443,47095784.0,82792351,3.25,357581.0,,,,,,1
Germany,2019,2.0,43790.0,9.3,7.4,77.376,16.7,134.85833333333332,47715977.0,83019213,3.3055556,357581.0,,,,,,1
Germany,2020,2.0,42020.0,6.3,4.8,77.453,11.2,118.61111111111111,48248584.0,83166711,3.4722223,357581.0,,,,,,1
Germany,2021,2.0,43730.0,6.3,4.9,77.544,11.2,144.14166666666668,48540878.0,83155031,3.4722223,357581.0,,,,,,1
Germany,2022,2.0,44230.0,9.3,6.0,77.648,15.3,196.925,48763036.0,83237124,3.4722223,357581.0,,,,,,1
Germany,2023,2.0,43450.0,9.9,6.5,77.765,16.5,188.69166666666666,49098685.0,83118501,3.4722223,357581.0,,,,,,1
Germany,2024,2.0,43110.0,9.9,6.5,77.895,16.5,180.91111111111113,49339166.0,83456045,3.4722223,357581.0,,,,,,1
Netherlands,2003,2.3,40740.0,8.7,3.9,80.341,12.6,94.76777777777778,6909000.0,16192572,1.7777778,41543.0,2610.0,2661.0,2771.0,3031.0,3190.0,0
Netherlands,2004,2.3,41420.0,8.4,3.9,81.514,12.3,102.27194444444444,6992000.0,16258032,1.8055556,41543.0,2610.0,2661.0,2771.0,3031.0,3190.0,0
Netherlands,2005,2.3,42160.0,8.9,3.8,82.63,12.7,111.73888888888888,7092000.0,16305526,2.75,41543.0,2610.0,2661.0,2771.0,3031.0,3190.0,0
Netherlands,2006,2.3,43590.0,9.4,3.5,83.636,12.8,117.0261111111111,7230000.0,16334210,2.7777777,41543.0,2610.0,2661.0,2771.0,3031.0,3190.0,0
Netherlands,2007,2.3,45180.0,9.6,2.9,84.539,12.5,120.69944444444445,7392000.0,16357992,2.7777777,41543.0,2610.0,2661.0,2771.0,3031.0,3190.0,0
Netherlands,2008,2.3,45960.0,9.7,3.0,85.402,12.7,128.42916666666667,7542000.0,16405399,3.2222223,41543.0,2610.0,2661.0,2771.0,3031.0,3190.0,0
Netherlands,2009,2.2,44050.0,9.8,2.9,86.288,12.7,116.17472222222221,7622000.0,16485787,3.5555556,41543.0,2610.0,2661.0,2771.0,3031.0,3190.0,0
Netherlands,2010,2.2,44400.0,10.1,3.4,87.134,13.5,129.6902777777778,7736000.0,16574989,3.75,41543.0,2610.0,2661.0,2771.0,3031.0,3190.0,0
Netherlands,2011,2.2,44980.0,10.4,3.5,87.879,13.9,142.76555555555558,7859000.0,16655799,3.1666667,41543.0,2610.0,2661.0,2771.0,3031.0,3190.0,0
Netherlands,2012,2.2,44370.0,10.6,3.2,88.588,13.8,153.24305555555554,7916000.0,16730348,3.1388888,41543.0,2610.0,2661.0,2771.0,3031.0,3190.0,0
Netherlands,2013,2.2,44230.0,11.3,2.7,89.187,14.0,151.05388888888888,7932290.0,16779575,3.0555556,41543.0,2610.0,2661.0,2771.0,3031.0,3190.0,0
Netherlands,2014,2.2,44780.0,11.8,2.7,89.69,14.5,148.29777777777778,7979083.0,16829289,3.1111112,41543.0,2610.0,2661.0,2771.0,3031.0,3190.0,0
Netherlands,2015,2.2,45530.0,10.8,3.0,90.173,13.8,134.8536111111111,8100864.0,16900726,3.1944444,41543.0,2610.0,2661.0,2771.0,3031.0,3190.0,0
Netherlands,2016,2.2,46380.0,11.0,3.0,90.635,14.0,127.14333333333333,8222974.0,16979120,3.3333333,41543.0,2610.0,2661.0,2771.0,3031.0,3190.0,0
Netherlands,2017,2.2,47390.0,11.4,2.9,91.077,14.3,134.69805555555556,8373244.0,17081507,3.1111112,41543.0,2610.0,2661.0,2771.0,3031.0,3190.0,0
Netherlands,2018,2.2,48180.0,11.2,3.2,91.49,14.4,142.06722222222223,8442982.0,17181084,3.5,41543.0,2610.0,2661.0,2771.0,3031.0,3190.0,0
Netherlands,2019,2.1,48970.0,11.2,3.2,91.876,14.4,144.75222222222223,8584391.0,17282163,3.4722223,41543.0,2610.0,2661.0,2771.0,3031.0,3190.0,0
Netherlands,2020,2.1,46810.0,7.8,2.1,92.236,9.9,136.3113888888889,8686419.0,17407585,3.4722223,41543.0,2610.0,2661.0,2771.0,3031.0,3190.0,0
Netherlands,2021,2.1,49490.0,8.4,2.3,92.572,10.6,159.2811111111111,8827709.0,17475415,3.4722223,41543.0,2610.0,2661.0,2771.0,3031.0,3190.0,0
Netherlands,2022,2.1,51480.0,11.6,2.9,92.886,14.5,188.0622222222222,8917107.0,17590672,3.4722223,41543.0,2610.0,2661.0,2771.0,3031.0,3190.0,0
Netherlands,2023,2.1,50660.0,12.0,2.7,93.179,14.7,173.18944444444443,9067393.0,17811291,3.4722223,41543.0,2610.0,2661.0,2771.0,3031.0,3190.0,0
Netherlands,2024,2.1,50880.0,12.0,2.7,93.453,14.7,178.07555555555555,9247810.0,17942942,3.4722223,41543.0,2610.0,2661.0,2771.0,3031.0,3190.0,0
Norway,2003,2.1,55570.0,3.9,6.6,77.084,10.6,90.77222222222223,1978000.0,4552252,2.25,323772.0,1562.0,1726.0,1981.0,2490.0,2976.0,1
Norway,2004,2.1,57460.0,4.4,7.1,77.399,11.5,96.77777777777777,1978000.0,4577457,2.25,323772.0,1562.0,1726.0,1981.0,2490.0,2976.0,1
Norway,2005,2.1,58610.0,4.5,7.1,77.675,11.5,105.47777777777777,2029000.0,4606363,2.4722223,323772.0,1562.0,1726.0,1981.0,2490.0,2976.0,1
Norway,2006,2.1,59560.0,4.6,6.9,77.95,11.4,113.49444444444445,2084000.0,4640219,2.4722223,323772.0,1562.0,1726.0,1981.0,2490.0,2976.0,1
Norway,2007,2.1,60670.0,4.6,6.7,78.234,11.3,115.60555555555555,2155000.0,4681134,2.8055556,323772.0,1562.0,1726.0,1981.0,2490.0,2976.0,1
Norway,2008,2.1,60210.0,4.8,6.7,78.526,11.5,127.14999999999999,2197000.0,4737171,2.9722223,323772.0,1562.0,1726.0,1981.0,2490.0,2976.0,1
Norway,2009,2.1,58300.0,4.7,6.7,78.815,11.4,119.27222222222223,2244000.0,4799252,3.6666667,323772.0,1562.0,1726.0,1981.0,2490.0,2976.0,1
Norway,2010,2.1,58030.0,4.8,6.9,79.102,11.7,129.64722222222224,2308000.0,4858199,3.6666667,323772.0,1562.0,1726.0,1981.0,2490.0,2976.0,1
Norway,2011,2.1,57920.0,4.5,7.0,79.455,11.6,142.89444444444445,2376000.0,4920305,3.7222223,323772.0,1562.0,1726.0,1981.0,2490.0,2976.0,1
Norway,2012,2.1,58710.0,4.6,5.6,79.874,10.2,149.58333333333334,2443000.0,4985870,3.6666667,323772.0,1562.0,1726.0,1981.0,2490.0,2976.0,1
Norway,2013,2.1,58590.0,4.8,5.5,80.286,10.2,149.01944444444445,2500265.0,5051275,3.6666667,323772.0,1562.0,1726.0,1981.0,2490.0,2976.0,1
Norway,2014,2.1,59130.0,4.9,5.4,80.692,10.2,150.10555555555555,2555443.0,5109056,3.7222223,323772.0,1562.0,1726.0,1981.0,2490.0,2976.0,1
Norway,2015,2.0,59610.0,4.9,5.7,81.091,10.6,141.60833333333332,2610000.0,5165802,3.7222223,323772.0,1562.0,1726.0,1981.0,2490.0,2976.0,1
Norway,2016,2.0,59780.0,5.0,5.8,81.485,10.9,136.86944444444444,2662910.0,5213985,3.7222223,323772.0,1562.0,1726.0,1981.0,2490.0,2976.0,1
Norway,2017,1.9,60780.0,5.5,6.4,81.871,11.9,146.98333333333332,2719396.0,5258317,3.7222223,323772.0,1562.0,1726.0,1981.0,2490.0,2976.0,1
Norway,2018,2.0,60880.0,5.7,6.5,82.248,12.2,159.38888888888889,2751949.0,5295619,3.8333333,323772.0,1562.0,1726.0,1981.0,2490.0,2976.0,1
Norway,2019,2.0,61150.0,5.6,6.9,82.616,12.4,160.2,2801208.0,5328212,3.8888888,323772.0,1562.0,1726.0,1981.0,2490.0,2976.0,1
Norway,2020,2.0,60020.0,3.1,4.8,82.974,7.9,149.89166666666668,2934883.0,5367580,3.9444444,323772.0,1562.0,1726.0,1981.0,2490.0,2976.0,1
Norway,2021,2.0,62030.0,2.9,4.8,83.323,7.7,168.47777777777776,3003005.0,5391369,3.9444444,323772.0,1562.0,1726.0,1981.0,2490.0,2976.0,1
Norway,2022,2.0,63470.0,4.7,5.0,83.664,9.8,227.58333333333334,3018728.0,5425270,3.9444444,323772.0,1562.0,1726.0,1981.0,2490.0,2976.0,1
Norway,2023,2.0,62790.0,5.3,5.7,83.995,11.0,218.94444444444446,2889087.0,5488984,3.9444444,323772.0,1562.0,1726.0,1981.0,2490.0,2976.0,1
Norway,2024,2.0,63500.0,5.3,5.7,84.318,11.0,218.96666666666667,2891748.0,5550217,3.9444444,323772.0,1562.0,1726.0,1981.0,2490.0,2976.0,1
Czechia,2003,2.5,14570.0,7.3,17.2,73.74,24.5,82.6875,3706012.0,10192649,2.4166667,78871.012617,,,,,,0
Czechia,2004,2.5,15250.0,7.5,16.0,73.671,23.4,89.35416666666667,3816000.0,10195347,2.4166667,78871.012617,,,,,,0
Czechia,2005,2.5,16180.0,7.3,17.2,73.602,24.5,95.47916666666667,3959000.0,10198855,2.4166667,78871.012617,,,,,,0
Czechia,2006,2.5,17200.0,7.5,17.3,73.533,24.8,98.42083333333333,4109000.0,10223577,2.7222223,78871.012617,,,,,,0
Czechia,2007,2.5,18050.0,7.3,17.0,73.463,24.3,98.18333333333334,4280000.0,10254233,2.6388888,78871.012617,,,,,,0
Czechia,2008,2.5,18330.0,7.1,16.9,73.394,24.0,102.03750000000001,4423000.0,10343422,3.0833333,78871.012617,,,,,,0
Czechia,2009,2.5,17350.0,6.9,16.0,73.324,22.9,90.25,4435000.0,10425783,3.1944444,78871.012617,,,,,,0
Czechia,2010,2.5,17770.0,7.6,18.9,73.255,26.5,105.325,4496000.0,10462088,3.1111112,78871.012617,,,,,,0
Czechia,2011,2.5,18120.0,7.7,17.0,73.185,24.7,115.57083333333333,4582000.0,10486731,3.1111112,78871.012617,,,,,,0
Czechia,2012,2.4,17970.0,8.4,16.8,73.197,25.2,122.43333333333334,4706000.0,10505445,3.25,78871.012617,,,,,,0
Czechia,2013,2.4,17970.0,8.6,17.0,73.29,25.6,120.8625,4729185.0,10516125,3.0,78871.012617,,,,,,0
Czechia,2014,2.4,18370.0,8.4,18.8,73.384,27.2,121.06666666666666,4833386.0,10512419,2.5,78871.012617,,,,,,0
Czechia,2015,2.4,19270.0,8.7,16.3,73.477,25.0,104.96666666666665,5115316.0,10538275,2.5555556,78871.012617,,,,,,0
Czechia,2016,2.4,19760.0,9.1,15.6,73.57,24.7,95.96249999999999,5307808.0,10553843,2.7222223,78871.012617,,,,,,0
Czechia,2017,2.4,20760.0,9.5,15.8,73.675,25.3,102.12083333333334,5538222.0,10578820,2.7222223,78871.012617,,,,,,0
Czechia,2018,2.4,21320.0,9.8,15.5,73.792,25.3,108.425,5747913.0,10610055,2.8888888,78871.012617,,,,,,0
Czechia,2019,2.3,22050.0,10.0,14.9,73.921,25.0,107.9375,5924995.0,10649800,3.1111112,78871.012617,,,,,,0
Czechia,2020,2.3,20980.0,7.8,10.5,74.061,18.3,95.53333333333335,6049255.0,10693939,2.9444444,78871.012617,,,,,,0
Czechia,2021,2.3,21830.0,6.5,8.5,74.214,15.0,109.54166666666667,6088730.0,10494836,2.9444444,78871.012617,,,,,,0
Czechia,2022,2.3,21910.0,8.4,10.5,74.377,18.8,143.6625,6305934.0,10516707,2.9444444,78871.012617,,,,,,0
Czechia,2023,2.3,21680.0,9.0,10.5,74.552,19.5,126.28750000000001,6512774.0,10827529,2.9444444,78871.012617,,,,,,0
Czechia,2024,2.3,21910.0,9.0,10.5,74.738,19.5,125.86666666666667,6638172.0,10900555,2.9444444,78871.012617,,,,,,0
Poland,2003,2.8,7440.0,8.8,13.5,61.676,22.4,122.32222222222224,11243800.0,38218531,1.2777778,312679.0,,,,,,1
Poland,2004,2.8,7820.0,8.5,23.6,61.564,32.1,137.25555555555556,11975000.0,38190608,1.3333334,312679.0,,,,,,1
Poland,2005,2.8,8080.0,8.2,22.4,61.452,30.6,151.93055555555554,12339000.0,38173835,2.0833333,312679.0,,,,,,1
Poland,2006,2.8,8590.0,6.9,10.6,61.341,17.5,154.2,13384000.0,38157055,2.3611112,312679.0,,,,,,1
Poland,2007,2.8,9170.0,9.3,13.1,61.229,22.4,163.96666666666667,14589000.0,38125479,2.25,312679.0,,,,,,1
Poland,2008,2.8,9570.0,6.2,8.4,61.116,14.5,171.30833333333334,16080000.0,38115641,2.5833333,312679.0,,,,,,1
Poland,2009,2.8,9810.0,5.2,12.6,61.004,17.9,159.27222222222224,16495000.0,38135876,2.7777777,312679.0,,,,,,1
Poland,2010,2.8,10150.0,7.1,16.8,60.892,23.9,178.00833333333333,17240000.0,38022869,2.9444444,312679.0,,,,,,1
Poland,2011,2.8,10680.0,6.9,15.7,60.78,22.6,202.11944444444444,18125000.0,38062718,3.0,312679.0,,,,,,1
Poland,2012,2.8,10840.0,7.2,16.0,60.654,23.2,223.8,18744000.0,38063792,2.7222223,312679.0,,,,,,1
Poland,2013,2.8,10930.0,6.7,15.2,60.529,22.0,215.08055555555555,19389446.0,38062535,2.8888888,312679.0,,,,,,1
Poland,2014,2.8,11360.0,6.3,15.5,60.403,21.8,207.78055555555557,20003863.0,38017856,2.9444444,312679.0,,,,,,1
Poland,2015,2.8,11870.0,6.7,14.6,60.278,21.3,179.81944444444446,18011775.0,38005614,2.9444444,312679.0,,,,,,1
Poland,2016,2.8,12240.0,7.1,13.7,60.178,20.7,167.89999999999998,18718408.0,37967209,2.8333333,312679.0,,,,,,1
Poland,2017,2.8,12870.0,7.3,13.0,60.105,20.3,179.86111111111111,19266117.0,37972964,2.8888888,312679.0,,,,,,1
Poland,2018,2.8,13680.0,7.4,12.2,60.058,19.6,194.06666666666666,19911107.0,37976687,3.0555556,312679.0,,,,,,1
Poland,2019,2.8,14310.0,7.6,12.5,60.037,20.1,197.0,20544344.0,37972812,3.4166667,312679.0,,,,,,1
Poland,2020,2.8,14310.0,4.9,7.5,60.043,12.4,176.48333333333332,20985865.0,37958138,3.4722223,312679.0,,,,,,1
Poland,2021,2.8,15380.0,5.9,7.8,60.075,13.8,215.7611111111111,21356007.0,37073357,3.4722223,312679.0,,,,,,1
Poland,2022,2.9,15840.0,8.3,9.0,60.134,17.3,271.1305555555556,21458101.0,36889761,3.4722223,312679.0,,,,,,1
Poland,2023,2.9,15950.0,8.5,9.4,60.218,18.0,260.18333333333334,21796947.0,36753736,3.4722223,312679.0,,,,,,1
Poland,2024,2.9,16470.0,8.5,9.4,60.33,18.0,253.7611111111111,22951213.0,36620970,3.4722223,312679.0,,,,,,1
Denmark,2003,2.0,47570.0,9.3,11.6,85.36,20.9,94.4361111111111,1894649.0,5383507,2.6388888,42947.0,2005.0,2231.0,2914.0,3207.0,3445.0,0
Denmark,2004,2.0,48770.0,9.3,11.4,85.566,20.7,99.28888888888889,1915821.0,5397640,2.8055556,42947.0,2005.0,2231.0,2914.0,3207.0,3445.0,0
Denmark,2005,2.0,49780.0,9.5,11.4,85.856,20.9,110.96944444444445,1964682.0,5411405,3.0277777,42947.0,2005.0,2231.0,2914.0,3207.0,3445.0,0
Denmark,2006,2.0,51510.0,8.1,9.9,86.098,18.0,117.82499999999999,2020013.0,5427459,3.1388888,42947.0,2005.0,2231.0,2914.0,3207.0,3445.0,0
Denmark,2007,2.0,51790.0,8.3,9.7,86.293,18.0,118.58333333333333,2068493.0,5447084,3.1388888,42947.0,2005.0,2231.0,2914.0,3207.0,3445.0,0
Denmark,2008,2.0,51270.0,8.4,9.7,86.487,18.1,130.85000000000002,2099090.0,5475791,3.1944444,42947.0,2005.0,2231.0,2914.0,3207.0,3445.0,0
Denmark,2009,2.0,48460.0,9.5,10.4,86.654,19.9,116.875,2120322.0,5511451,3.4166667,42947.0,2005.0,2231.0,2914.0,3207.0,3445.0,0
Denmark,2010,2.0,49010.0,9.8,10.5,86.795,20.3,133.91666666666666,2163676.0,5534738,4.0833335,42947.0,2005.0,2231.0,2914.0,3207.0,3445.0,0
Denmark,2011,2.0,49440.0,10.0,10.1,86.957,20.0,151.60277777777776,2197831.0,5560628,4.2222223,42947.0,2005.0,2231.0,2914.0,3207.0,3445.0,0
Denmark,2012,2.0,49260.0,10.2,9.8,87.142,20.1,160.96944444444443,2237122.0,5580516,3.8888888,42947.0,2005.0,2231.0,2914.0,3207.0,3445.0,0
Denmark,2013,2.0,49750.0,10.3,9.8,87.292,20.0,156.76944444444445,2278021.0,5602628,4.0555553,42947.0,2005.0,2231.0,2914.0,3207.0,3445.0,0
Denmark,2014,2.0,50110.0,9.7,9.7,87.41,19.4,152.15277777777777,2319207.0,5627235,4.1111112,42947.0,2005.0,2231.0,2914.0,3207.0,3445.0,0
Denmark,2015,2.0,50810.0,9.3,9.8,87.526,19.0,136.13888888888889,2390823.0,5659715,4.0277777,42947.0,2005.0,2231.0,2914.0,3207.0,3445.0,0
Denmark,2016,2.0,51950.0,8.7,9.8,87.642,18.5,127.8638888888889,2465534.0,5707251,3.9444444,42947.0,2005.0,2231.0,2914.0,3207.0,3445.0,0
Denmark,2017,2.0,53200.0,8.5,9.9,87.757,18.4,135.14722222222224,2530052.0,5748769,4.0277777,42947.0,2005.0,2231.0,2914.0,3207.0,3445.0,0
Denmark,2018,2.0,53920.0,8.4,9.6,87.874,18.0,144.90555555555557,2594482.0,5781190,3.7777777,42947.0,2005.0,2231.0,2914.0,3207.0,3445.0,0
Denmark,2019,2.0,54630.0,8.1,9.1,87.994,17.3,146.1638888888889,2651741.0,5806081,3.6666667,42947.0,2005.0,2231.0,2914.0,3207.0,3445.0,0
Denmark,2020,2.0,53540.0,5.9,6.9,88.116,12.8,131.85833333333332,2723612.0,5822763,3.7222223,42947.0,2005.0,2231.0,2914.0,3207.0,3445.0,0
Denmark,2021,2.0,56780.0,6.1,7.0,88.24,13.1,154.27777777777777,2787553.0,5840045,3.7222223,42947.0,2005.0,2231.0,2914.0,3207.0,3445.0,0
Denmark,2022,2.0,56530.0,7.8,11.0,88.367,18.8,200.59166666666667,2801076.0,5873420,3.7222223,42947.0,2005.0,2231.0,2914.0,3207.0,3445.0,0
Denmark,2023,2.0,56470.0,7.9,10.3,88.495,18.2,186.11111111111111,2827864.0,5932654,3.7222223,42947.0,2005.0,2231.0,2914.0,3207.0,3445.0,0
Denmark,2024,2.0,58160.0,7.9,10.3,88.626,18.2,185.5027777777778,2864904.0,5961249,3.7222223,42947.0,2005.0,2231.0,2914.0,3207.0,3445.0,0
Sweden,2003,2.1,38890.0,7.7,8.0,84.196,15.7,92.49694444444444,4075000.0,8940788,3.0833333,438574.0,8018.0,9756.0,11303.0,12647.0,13829.0,1
Sweden,2004,2.1,40360.0,7.5,7.8,84.258,15.3,98.39472222222223,4113000.0,8975670,3.1388888,438574.0,8018.0,9756.0,11303.0,12647.0,13829.0,1
Sweden,2005,2.1,41330.0,7.7,7.6,84.319,15.4,110.4075,4154000.0,9011392,3.0833333,438574.0,8018.0,9756.0,11303.0,12647.0,13829.0,1
Sweden,2006,2.1,42990.0,8.3,7.6,84.43,15.9,113.71722222222223,4202000.0,9047752,3.25,438574.0,8018.0,9756.0,11303.0,12647.0,13829.0,1
Sweden,2007,2.1,44080.0,8.7,7.4,84.588,16.1,115.55916666666667,4258000.0,9113257,3.0833333,438574.0,8018.0,9756.0,11303.0,12647.0,13829.0,1
Sweden,2008,2.1,43330.0,9.4,7.2,84.746,16.7,126.9738888888889,4279000.0,9182927,3.4166667,438574.0,8018.0,9756.0,11303.0,12647.0,13829.0,1
Sweden,2009,2.0,41130.0,9.5,7.1,84.902,16.6,120.36833333333334,4299950.0,9256347,3.6111112,438574.0,8018.0,9756.0,11303.0,12647.0,13829.0,1
Sweden,2010,2.1,43130.0,9.4,7.2,85.056,16.6,129.79777777777778,4334390.0,9340682,3.6111112,438574.0,8018.0,9756.0,11303.0,12647.0,13829.0,1
Sweden,2011,2.1,44150.0,8.7,7.4,85.297,16.2,141.58527777777778,4400550.0,9415570,3.5,438574.0,8018.0,9756.0,11303.0,12647.0,13829.0,1
Sweden,2012,2.1,43650.0,9.1,7.3,85.62,16.4,150.23527777777778,4446349.0,9482855,3.3888888,438574.0,8018.0,9756.0,11303.0,12647.0,13829.0,1
Sweden,2013,2.0,43770.0,9.1,7.5,85.936,16.6,145.38250000000002,4494661.0,9555893,3.4444444,438574.0,8018.0,9756.0,11303.0,12647.0,13829.0,1
Sweden,2014,2.0,44330.0,9.2,7.3,86.247,16.5,143.0125,4584711.0,9644864,3.5555556,438574.0,8018.0,9756.0,11303.0,12647.0,13829.0,1
Sweden,2015,2.0,45790.0,9.5,7.3,86.553,16.8,133.5622222222222,4668262.0,9747355,3.6111112,438574.0,8018.0,9756.0,11303.0,12647.0,13829.0,1
Sweden,2016,2.0,46220.0,11.0,8.5,86.852,19.5,131.51611111111112,4767262.0,9851017,3.6666667,438574.0,8018.0,9756.0,11303.0,12647.0,13829.0,1
Sweden,2017,2.1,46420.0,11.2,8.4,87.146,19.6,141.23472222222222,4844823.0,9995153,3.6111112,438574.0,8018.0,9756.0,11303.0,12647.0,13829.0,1
Sweden,2018,2.0,46700.0,11.3,8.3,87.431,19.6,154.3413888888889,4869979.0,10120242,3.6666667,438574.0,8018.0,9756.0,11303.0,12647.0,13829.0,1
Sweden,2019,2.0,47410.0,12.2,8.4,87.708,20.5,158.5952777777778,4887116.0,10230185,3.6111112,438574.0,8018.0,9756.0,11303.0,12647.0,13829.0,1
Sweden,2020,2.0,46180.0,7.6,8.4,87.977,16.0,142.6052777777778,4943293.0,10327589,3.8333333,438574.0,8018.0,9756.0,11303.0,12647.0,13829.0,1
Sweden,2021,2.0,48300.0,7.5,8.3,88.238,15.9,166.34,4985979.0,10379295,3.8333333,438574.0,8018.0,9756.0,11303.0,12647.0,13829.0,1
Sweden,2022,2.0,48390.0,11.0,8.0,88.492,19.0,223.1536111111111,4979761.0,10452326,3.8333333,438574.0,8018.0,9756.0,11303.0,12647.0,13829.0,1
Sweden,2023,2.0,47960.0,10.6,7.6,88.738,18.2,215.07972222222222,4976366.0,10521556,3.8333333,438574.0,8018.0,9756.0,11303.0,12647.0,13829.0,1
Sweden,2024,2.0,48210.0,10.6,7.6,88.976,18.2,181.9325,4976987.0,10551707,3.8333333,438574.0,8018.0,9756.0,11303.0,12647.0,13829.0,1
Spain,2003,2.7,24220.0,5.1,11.8,76.778,16.9,90.75555555555555,18688000.0,41827838,1.4722222,506009.0,10163.0,12612.0,13205.0,14037.0,14694.0,1
Spain,2004,2.7,24590.0,5.0,13.2,77.022,18.3,97.57583333333334,19542000.0,42547451,2.2222223,506009.0,10163.0,12612.0,13205.0,14037.0,14694.0,1
Spain,2005,2.8,25000.0,5.1,12.9,77.263,18.0,110.67555555555556,20297500.0,43296338,2.3611112,506009.0,10163.0,12612.0,13205.0,14037.0,14694.0,1
Spain,2006,2.7,25600.0,5.2,12.0,77.502,17.2,118.42805555555555,21053000.0,44009971,2.3888888,506009.0,10163.0,12612.0,13205.0,14037.0,14694.0,1
Spain,2007,2.7,25990.0,5.0,14.0,77.74,19.0,119.88222222222223,21760000.0,44784666,2.4722223,506009.0,10163.0,12612.0,13205.0,14037.0,14694.0,1
Spain,2008,2.7,25760.0,5.5,14.3,77.976,19.7,136.32444444444445,22145000.0,45668939,2.5555556,506009.0,10163.0,12612.0,13205.0,14037.0,14694.0,1
Spain,2009,2.7,24590.0,5.4,13.3,78.21,18.6,113.67083333333333,21984000.0,46239273,2.6666667,506009.0,10163.0,12612.0,13205.0,14037.0,14694.0,1
Spain,2010,2.6,24510.0,5.4,12.3,78.442,17.7,133.47527777777776,22148000.0,46486619,2.6111112,506009.0,10163.0,12612.0,13205.0,14037.0,14694.0,1
Spain,2011,2.6,24260.0,5.6,13.5,78.673,19.1,155.49666666666667,22277000.0,46667174,2.8333333,506009.0,10163.0,12612.0,13205.0,14037.0,14694.0,1
Spain,2012,2.6,23560.0,5.6,13.7,78.902,19.3,168.4986111111111,22248000.0,46818219,2.8055556,506009.0,10163.0,12612.0,13205.0,14037.0,14694.0,1
Spain,2013,2.5,23310.0,6.1,13.2,79.133,19.3,168.56055555555557,22025000.0,46712650,2.2222223,506009.0,10163.0,12612.0,13205.0,14037.0,14694.0,1
Spain,2014,2.5,23730.0,6.7,10.6,79.366,17.3,163.0236111111111,22029512.0,46495744,2.3888888,506009.0,10163.0,12612.0,13205.0,14037.0,14694.0,1
Spain,2015,2.5,24720.0,6.7,11.9,79.602,18.6,142.27027777777778,22355549.0,46425722,2.3888888,506009.0,10163.0,12612.0,13205.0,14037.0,14694.0,1
Spain,2016,2.5,25420.0,5.8,10.4,79.84,16.3,131.21277777777777,22876830.0,46418884,2.2777777,506009.0,10163.0,12612.0,13205.0,14037.0,14694.0,1
Spain,2017,2.5,26110.0,6.4,7.1,80.08,13.6,141.2611111111111,24676557.0,46497393,2.2777777,506009.0,10163.0,12612.0,13205.0,14037.0,14694.0,1
Spain,2018,2.5,26620.0,6.5,7.3,80.321,13.8,153.23444444444442,25304190.0,46645070,2.4444444,506009.0,10163.0,12612.0,13205.0,14037.0,14694.0,1
Spain,2019,2.5,26930.0,6.5,7.5,80.565,14.0,155.42694444444444,25836586.0,46918951,2.4444444,506009.0,10163.0,12612.0,13205.0,14037.0,14694.0,1
Spain,2020,2.5,23850.0,3.8,5.9,80.81,9.7,138.07111111111112,26034347.0,47318050,2.5,506009.0,10163.0,12612.0,13205.0,14037.0,14694.0,1
Spain,2021,2.5,25440.0,4.2,7.4,81.056,11.7,161.65444444444447,26293882.0,47400798,2.5,506009.0,10163.0,12612.0,13205.0,14037.0,14694.0,1
Spain,2022,2.5,26820.0,6.1,8.4,81.304,14.5,205.58277777777778,26605478.0,47486843,2.5,506009.0,10163.0,12612.0,13205.0,14037.0,14694.0,1
Spain,2023,2.5,27150.0,7.3,8.7,81.552,16.1,197.49249999999998,26778142.0,48085361,2.5,506009.0,10163.0,12612.0,13205.0,14037.0,14694.0,1
Spain,2024,2.5,27800.0,7.3,8.7,81.802,16.1,191.0727777777778,26700972.0,48619695,2.5,506009.0,10163.0,12612.0,13205.0,14037.0,14694.0,1
Belgium,2003,2.3,36300.0,6.5,13.0,97.296,19.4,87.90944444444443,4821000.0,10355844,1.5555556,30528.0,4526.0,4572.0,4562.0,4550.0,4679.0,0
Belgium,2004,2.3,37440.0,7.1,13.2,97.35,20.4,98.46027777777778,4874000.0,10396421,2.4722223,30528.0,4526.0,4572.0,4562.0,4550.0,4679.0,0
Belgium,2005,2.3,38100.0,6.3,13.0,97.403,19.3,118.56222222222222,4919000.0,10445852,2.5833333,30528.0,4526.0,4572.0,4562.0,4550.0,4679.0,0
Belgium,2006,2.3,38810.0,6.6,13.2,97.454,19.8,127.52083333333333,4976000.0,10511382,2.6388888,30528.0,4526.0,4572.0,4562.0,4550.0,4679.0,0
Belgium,2007,2.3,39950.0,6.6,14.3,97.505,20.9,128.66527777777776,5049000.0,10584534,2.3055556,30528.0,4526.0,4572.0,4562.0,4550.0,4679.0,0
Belgium,2008,2.3,39810.0,7.2,14.4,97.555,21.6,149.0952777777778,5131000.0,10666866,2.6388888,30528.0,4526.0,4572.0,4562.0,4550.0,4679.0,0
Belgium,2009,2.3,38740.0,7.3,13.3,97.603,20.6,117.84027777777777,5193000.0,10753080,2.6666667,30528.0,4526.0,4572.0,4562.0,4550.0,4679.0,0
Belgium,2010,2.3,39420.0,7.5,12.3,97.651,19.8,139.18333333333334,5276000.0,10839905,2.5555556,30528.0,4526.0,4572.0,4562.0,4550.0,4679.0,0
Belgium,2011,2.3,39670.0,7.7,12.8,97.698,20.5,165.1197222222222,5407000.0,11000638,2.9444444,30528.0,4526.0,4572.0,4562.0,4550.0,4679.0,0
Belgium,2012,2.3,39510.0,7.5,12.4,97.744,19.9,177.29861111111111,5444000.0,11075889,3.0555556,30528.0,4526.0,4572.0,4562.0,4550.0,4679.0,0
Belgium,2013,2.3,39440.0,7.7,15.1,97.789,22.8,168.46527777777777,5505100.0,11137974,2.9444444,30528.0,4526.0,4572.0,4562.0,4550.0,4679.0,0
Belgium,2014,2.3,39960.0,8.2,11.5,97.833,19.6,160.79638888888888,5584690.0,11180840,2.9444444,30528.0,4526.0,4572.0,4562.0,4550.0,4679.0,0
Belgium,2015,2.3,40310.0,8.0,10.9,97.876,18.9,133.83583333333334,5662059.0,11237274,2.8333333,30528.0,4526.0,4572.0,4562.0,4550.0,4679.0,0
Belgium,2016,2.3,40590.0,7.7,10.5,97.919,18.2,121.51777777777778,5731292.0,11311117,2.8888888,30528.0,4526.0,4572.0,4562.0,4550.0,4679.0,0
Belgium,2017,2.3,41030.0,7.9,10.2,97.961,18.2,137.58666666666667,5798939.0,11351727,2.9444444,30528.0,4526.0,4572.0,4562.0,4550.0,4679.0,0
Belgium,2018,2.3,41610.0,8.9,10.2,98.001,19.1,155.93138888888888,5848425.0,11398589,3.0,30528.0,4526.0,4572.0,4562.0,4550.0,4679.0,0
Belgium,2019,2.3,42400.0,9.0,10.3,98.041,19.3,154.96027777777778,5881874.0,11455519,3.2222223,30528.0,4526.0,4572.0,4562.0,4550.0,4679.0,0
Belgium,2020,2.3,40190.0,7.3,8.1,98.079,15.4,133.71666666666667,5897488.0,11522440,3.4444444,30528.0,4526.0,4572.0,4562.0,4550.0,4679.0,0
Belgium,2021,2.3,42530.0,6.9,8.1,98.117,15.1,162.30416666666667,5926009.0,11554767,3.4444444,30528.0,4526.0,4572.0,4562.0,4550.0,4679.0,0
Belgium,2022,2.3,43860.0,9.2,9.6,98.153,18.8,221.52916666666667,5955127.0,11617623,3.4444444,30528.0,4526.0,4572.0,4562.0,4550.0,4679.0,0
Belgium,2023,2.3,44230.0,9.4,10.3,98.189,19.6,197.20055555555555,6047551.0,11742796,3.4444444,30528.0,4526.0,4572.0,4562.0,4550.0,4679.0,0
Belgium,2024,2.3,44460.0,9.4,10.3,98.224,19.6,195.34805555555556,6099089.0,11817096,3.4444444,30528.0,4526.0,4572.0,4562.0,4550.0,4679.0,0
Finland,2003,2.1,38300.0,4.7,10.9,82.638,15.6,91.85472222222222,2275000.0,5206295,2.4166667,336884.0,1895.0,2391.0,2650.0,3046.0,3356.0,1
Finland,2004,2.1,39720.0,4.7,10.6,82.772,15.2,96.81944444444444,2347000.0,5219732,2.6388888,336884.0,1895.0,2391.0,2650.0,3046.0,3356.0,1
Finland,2005,2.1,40680.0,4.8,10.3,82.905,15.1,106.73833333333333,2430000.0,5236611,2.75,336884.0,1895.0,2391.0,2650.0,3046.0,3356.0,1
Finland,2006,2.1,42150.0,4.8,10.3,83.037,15.1,113.09583333333333,2506000.0,5255580,2.9722223,336884.0,1895.0,2391.0,2650.0,3046.0,3356.0,1
Finland,2007,2.1,44210.0,5.0,10.0,83.168,15.1,113.68583333333333,2570000.0,5276955,2.9722223,336884.0,1895.0,2391.0,2650.0,3046.0,3356.0,1
Finland,2008,2.1,44350.0,5.4,10.1,83.299,15.5,129.25083333333333,2700000.0,5300484,3.1944444,336884.0,1895.0,2391.0,2650.0,3046.0,3356.0,1
Finland,2009,2.1,40570.0,5.1,10.0,83.429,15.1,111.64305555555556,2777000.0,5326314,3.1666667,336884.0,1895.0,2391.0,2650.0,3046.0,3356.0,1
Finland,2010,2.1,41660.0,5.2,9.9,83.77,15.1,126.47166666666665,2877000.0,5351427,3.1111112,336884.0,1895.0,2391.0,2650.0,3046.0,3356.0,1
Finland,2011,2.1,42460.0,5.0,9.8,84.313,14.9,143.9275,2978000.0,5375276,3.75,336884.0,1895.0,2391.0,2650.0,3046.0,3356.0,1
Finland,2012,2.1,41620.0,5.3,9.8,84.841,15.1,154.98694444444445,3037000.0,5401267,3.6388888,336884.0,1895.0,2391.0,2650.0,3046.0,3356.0,1
Finland,2013,2.1,41020.0,5.3,9.8,85.125,15.1,152.4672222222222,3105834.0,5426674,3.6388888,336884.0,1895.0,2391.0,2650.0,3046.0,3356.0,1
Finland,2014,2.0,40650.0,5.0,9.8,85.175,14.8,148.07638888888889,3172735.0,5451270,3.6944444,336884.0,1895.0,2391.0,2650.0,3046.0,3356.0,1
Finland,2015,2.0,40700.0,5.3,9.7,85.225,15.0,133.63583333333335,3234860.0,5471753,3.8611112,336884.0,1895.0,2391.0,2650.0,3046.0,3356.0,1
Finland,2016,2.0,41640.0,4.9,10.5,85.275,15.4,125.22888888888889,3322672.0,5487308,3.8333333,336884.0,1895.0,2391.0,2650.0,3046.0,3356.0,1
Finland,2017,2.0,42910.0,5.4,10.4,85.325,15.8,133.88888888888889,3398937.0,5503297,3.8333333,336884.0,1895.0,2391.0,2650.0,3046.0,3356.0,1
Finland,2018,2.0,43360.0,5.7,10.1,85.382,15.8,140.9572222222222,3470507.0,5513130,3.9166667,336884.0,1895.0,2391.0,2650.0,3046.0,3356.0,1
Finland,2019,2.0,43910.0,6.2,9.9,85.446,16.1,141.37333333333333,3549803.0,5517919,3.8055556,336884.0,1895.0,2391.0,2650.0,3046.0,3356.0,1
Finland,2020,2.0,42740.0,3.8,9.2,85.517,13.0,128.30638888888888,3607531.0,5525292,4.1111112,336884.0,1895.0,2391.0,2650.0,3046.0,3356.0,1
Finland,2021,1.9,43800.0,4.0,8.3,85.596,12.3,154.20166666666668,3641532.0,5533793,4.1111112,336884.0,1895.0,2391.0,2650.0,3046.0,3356.0,1
Finland,2022,1.9,44010.0,6.4,9.4,85.681,15.8,206.06333333333333,3673750.0,5548241,4.1111112,336884.0,1895.0,2391.0,2650.0,3046.0,3356.0,1
Finland,2023,1.9,43440.0,7.1,9.9,85.773,17.0,185.23833333333334,3718278.0,5563970,4.1111112,336884.0,1895.0,2391.0,2650.0,3046.0,3356.0,1
Finland,2024,1.9,43280.0,7.1,9.9,85.872,17.0,171.1313888888889,3755842.0,5603851,4.1111112,336884.0,1895.0,2391.0,2650.0,3046.0,3356.0,1
Switzerland,2003,2.3,64720.0,15.0,5.2,73.427,20.2,89.35,3754000.0,7313853,2.25,41291.0,3243.0,3596.0,3867.0,4086.0,4463.0,0
Switzerland,2004,2.3,66020.0,15.3,5.2,73.452,20.4,89.35,3811000.0,7364148,2.25,41291.0,3243.0,3596.0,3867.0,4086.0,4463.0,0
Switzerland,2005,2.3,67440.0,16.3,5.3,73.478,21.6,100.07083333333333,3864000.0,7415102,2.2777777,41291.0,3243.0,3596.0,3867.0,4086.0,4463.0,0
Switzerland,2006,2.3,69750.0,16.5,5.6,73.504,22.1,109.39999999999999,3900000.0,7459128,2.2777777,41291.0,3243.0,3596.0,3867.0,4086.0,4463.0,0
Switzerland,2007,2.3,71840.0,17.0,5.5,73.53,22.6,112.00416666666666,3956000.0,7508739,2.5277777,41291.0,3243.0,3596.0,3867.0,4086.0,4463.0,0
Switzerland,2008,2.3,72990.0,17.1,5.2,73.556,22.2,132.275,3990000.0,7593494,3.1666667,41291.0,3243.0,3596.0,3867.0,4086.0,4463.0,0
Switzerland,2009,2.3,70520.0,17.4,5.1,73.581,22.5,97.625,4010000.0,7701856,3.3611112,41291.0,3243.0,3596.0,3867.0,4086.0,4463.0,0
Switzerland,2010,2.3,72250.0,17.6,5.1,73.607,22.7,110.90833333333335,4076000.0,7785806,3.3333333,41291.0,3243.0,3596.0,3867.0,4086.0,4463.0,0
Switzerland,2011,2.3,72900.0,19.6,5.7,73.631,25.2,121.14583333333333,4163000.0,7870134,3.5555556,41291.0,3243.0,3596.0,3867.0,4086.0,4463.0,0
Switzerland,2012,2.3,72960.0,19.2,5.7,73.653,25.0,127.14999999999999,4255000.0,7954662,3.6388888,41291.0,3243.0,3596.0,3867.0,4086.0,4463.0,0
Switzerland,2013,2.3,73420.0,19.3,5.7,73.674,25.0,123.96666666666665,4365563.0,8039060,3.6388888,41291.0,3243.0,3596.0,3867.0,4086.0,4463.0,0
Switzerland,2014,2.2,74230.0,19.6,5.8,73.696,25.4,120.925,4431886.0,8139631,4.0555553,41291.0,3243.0,3596.0,3867.0,4086.0,4463.0,0
Switzerland,2015,2.2,74530.0,19.7,5.9,73.718,25.6,99.92625,4508898.0,8237666,4.0277777,41291.0,3243.0,3596.0,3867.0,4086.0,4463.0,0
Switzerland,2016,2.2,75260.0,19.8,5.9,73.739,25.7,94.01375,4578963.0,8327126,4.1388888,41291.0,3243.0,3596.0,3867.0,4086.0,4463.0,0
Switzerland,2017,2.2,75580.0,19.6,5.9,73.761,25.5,102.29458333333334,4630054.0,8419550,4.1388888,41291.0,3243.0,3596.0,3867.0,4086.0,4463.0,0
Switzerland,2018,2.2,77180.0,19.3,5.9,73.797,25.2,114.72791666666666,4666278.0,8484130,4.4166665,41291.0,3243.0,3596.0,3867.0,4086.0,4463.0,0
Switzerland,2019,2.2,77510.0,20.0,6.1,73.849,26.1,111.50583333333333,4692741.0,8544527,4.2222223,41291.0,3243.0,3596.0,3867.0,4086.0,4463.0,0
Switzerland,2020,2.2,75280.0,15.5,6.3,73.915,21.8,96.03416666666668,4733517.0,8606033,4.5,41291.0,3243.0,3596.0,3867.0,4086.0,4463.0,0
Switzerland,2021,2.2,78880.0,15.8,6.4,73.996,22.1,113.40625,4793803.0,8670300,4.5,41291.0,3243.0,3596.0,3867.0,4086.0,4463.0,0
Switzerland,2022,2.1,80600.0,19.4,6.3,74.092,25.7,149.95291666666665,4812896.0,8738791,4.5,41291.0,3243.0,3596.0,3867.0,4086.0,4463.0,0
Switzerland,2023,2.2,79940.0,21.2,6.3,74.202,27.5,135.30958333333334,4861544.0,8815385,4.5,41291.0,3243.0,3596.0,3867.0,4086.0,4463.0,0
Switzerland,2024,2.2,80080.0,21.2,6.3,74.327,27.5,130.56208333333333,4904659.0,8962258,4.5,41291.0,3243.0,3596.0,3867.0,4086.0,4463.0,0
Slovenia,2003,2.8,17180.0,3.0,13.5,51.082,16.5,68.45666666666666,890000.0,1995033,0.52777779,20273.0,,,,,,0
Slovenia,2004,2.8,17950.0,2.7,12.4,51.308,15.1,74.64833333333333,911000.0,1996433,0.52777779,20273.0,,,,,,0
Slovenia,2005,2.8,18610.0,2.7,11.6,51.533,14.4,86.08999999999999,960000.0,1997590,2.0277777,20273.0,,,,,,0
Slovenia,2006,2.8,19640.0,2.7,11.4,51.758,14.1,94.02333333333333,980000.0,2003358,2.0833333,20273.0,,,,,,0
Slovenia,2007,2.8,20930.0,2.6,11.4,51.983,14.0,95.85708333333334,1014000.0,2010377,2.0833333,20273.0,,,,,,0
Slovenia,2008,2.8,21600.0,2.7,10.9,52.209,13.6,105.93583333333333,1045180.0,2010269,2.25,20273.0,,,,,,0
Slovenia,2009,2.8,19770.0,2.6,10.7,52.433,13.3,94.57083333333333,1058858.0,2032362,2.9166667,20273.0,,,,,,0
Slovenia,2010,2.6,19920.0,2.5,10.8,52.658,13.2,110.38875,1061650.0,2046976,2.8611112,20273.0,,,,,,0
Slovenia,2011,2.6,20010.0,2.3,11.0,52.883,13.4,122.33333333333333,1066500.0,2050189,2.8611112,20273.0,,,,,,0
Slovenia,2012,2.5,19390.0,2.3,11.1,53.108,13.3,137.30583333333334,1066030.0,2055496,2.75,20273.0,,,,,,0
Slovenia,2013,2.5,19210.0,2.3,11.4,53.332,13.7,138.355,1066795.0,2058821,2.9166667,20273.0,,,,,,0
Slovenia,2014,2.5,19720.0,2.1,11.6,53.557,13.7,135.85958333333335,1068362.0,2061085,2.8888888,20273.0,,,,,,0
Slovenia,2015,2.5,20170.0,2.1,11.8,53.781,13.9,119.27208333333334,1078737.0,2062874,2.8888888,20273.0,,,,,,0
Slovenia,2016,2.5,20770.0,2.0,11.9,54.02,13.9,109.29958333333333,1096523.0,2064188,2.9444444,20273.0,,,,,,0
Slovenia,2017,2.5,21830.0,1.8,11.7,54.273,13.5,118.58208333333334,1117935.0,2065895,3.0,20273.0,,,,,,0
Slovenia,2018,2.5,22720.0,1.8,11.7,54.541,13.5,127.07666666666667,1143150.0,2066880,3.0,20273.0,,,,,,0
Slovenia,2019,2.4,23330.0,1.8,11.6,54.822,13.3,124.52166666666666,1165371.0,2080908,3.1666667,20273.0,,,,,,0
Slovenia,2020,2.5,22230.0,1.4,8.6,55.118,10.0,105.15833333333335,1170690.0,2095861,3.2222223,20273.0,,,,,,0
Slovenia,2021,2.5,24040.0,2.1,9.5,55.427,11.6,123.55958333333332,1189457.0,2108977,3.2222223,20273.0,,,,,,0
Slovenia,2022,2.4,24660.0,2.4,11.6,55.751,13.9,158.10833333333332,1207755.0,2107180,3.2222223,20273.0,,,,,,0
Slovenia,2023,2.4,25120.0,2.6,11.9,56.088,14.5,148.83708333333334,1230565.0,2116972,3.2222223,20273.0,,,,,,0
Slovenia,2024,2.4,25480.0,2.6,11.9,56.438,14.5,148.38333333333333,1250508.0,2123949,3.2222223,20273.0,,,,,,0
Greece,2003,2.7,18480.0,1.6,22.1,73.689,23.6,78.65916666666666,3840000.0,10915770,1.4722222,131957.0,697.0,916.0,1033.0,1351.0,1573.0,1
Greece,2004,2.7,19420.0,1.6,20.9,74.073,22.5,84.66694444444444,4073511.0,10940369,1.4166666,131957.0,697.0,916.0,1033.0,1351.0,1573.0,1
Greece,2005,2.7,19590.0,1.7,20.0,74.452,21.7,98.87444444444445,4303129.0,10969912,1.7777778,131957.0,697.0,916.0,1033.0,1351.0,1573.0,1
Greece,2006,2.7,20790.0,1.6,19.2,74.827,20.8,109.87055555555555,4543016.0,11004716,1.8888888,131957.0,697.0,916.0,1033.0,1351.0,1573.0,1
Greece,2007,2.7,21470.0,1.6,18.5,75.199,20.1,111.37861111111111,4798530.0,11036008,1.9722222,131957.0,697.0,916.0,1033.0,1351.0,1573.0,1
Greece,2008,2.7,21420.0,1.3,17.9,75.568,19.2,128.17972222222224,5023944.0,11060937,2.25,131957.0,697.0,916.0,1033.0,1351.0,1573.0,1
Greece,2009,2.7,20490.0,1.2,16.9,75.932,18.1,106.89500000000001,5131960.0,11094745,2.4444444,131957.0,697.0,916.0,1033.0,1351.0,1573.0,1
Greece,2010,2.7,19300.0,1.1,17.3,76.292,18.4,146.83194444444445,5216873.0,11119289,2.6111112,131957.0,697.0,916.0,1033.0,1351.0,1573.0,1
Greece,2011,2.6,17420.0,0.8,17.6,76.649,18.4,174.71388888888887,5203591.0,11123392,2.75,131957.0,697.0,916.0,1033.0,1351.0,1573.0,1
Greece,2012,2.6,16050.0,0.7,17.7,77.004,18.4,196.4961111111111,5167557.0,11086406,2.6388888,131957.0,697.0,916.0,1033.0,1351.0,1573.0,1
Greece,2013,2.6,15800.0,0.9,17.8,77.355,18.7,205.62805555555553,5124208.0,11003615,2.5833333,131957.0,697.0,916.0,1033.0,1351.0,1573.0,1
Greece,2014,2.5,16030.0,0.9,17.7,77.702,18.6,195.83194444444445,5110873.0,10926807,2.8888888,131957.0,697.0,916.0,1033.0,1351.0,1573.0,1
Greece,2015,2.6,16100.0,1.0,17.5,78.046,18.6,163.95472222222222,5107620.0,10858018,3.0555556,131957.0,697.0,916.0,1033.0,1351.0,1573.0,1
Greece,2016,2.6,16160.0,1.0,17.1,78.387,18.1,151.3422222222222,5160056.0,10783748,2.8888888,131957.0,697.0,916.0,1033.0,1351.0,1573.0,1
Greece,2017,2.6,16430.0,0.9,16.6,78.724,17.5,169.73222222222222,5235928.0,10768193,2.8611112,131957.0,697.0,916.0,1033.0,1351.0,1573.0,1
Greece,2018,2.6,16810.0,0.9,16.4,79.058,17.3,179.10972222222222,5282695.0,10741165,2.8611112,131957.0,697.0,916.0,1033.0,1351.0,1573.0,1
Greece,2019,2.6,17210.0,1.0,16.0,79.388,17.0,179.99916666666667,5406551.0,10724599,2.8333333,131957.0,697.0,916.0,1033.0,1351.0,1573.0,1
Greece,2020,2.6,15660.0,0.6,12.7,79.715,13.3,157.0438888888889,5492176.0,10718565,2.8888888,131957.0,697.0,916.0,1033.0,1351.0,1573.0,1
Greece,2021,2.6,17110.0,0.6,12.3,80.038,12.9,180.94194444444443,5604192.0,10678632,2.8888888,131957.0,697.0,916.0,1033.0,1351.0,1573.0,1
Greece,2022,2.6,18160.0,0.9,14.4,80.357,15.4,236.92833333333334,5726012.0,10461627,2.8888888,131957.0,697.0,916.0,1033.0,1351.0,1573.0,1
Greece,2023,2.4,18600.0,0.5,14.6,80.673,15.2,215.03333333333333,5877759.0,10413982,2.8888888,131957.0,697.0,916.0,1033.0,1351.0,1573.0,1
Greece,2024,2.4,19020.0,0.5,14.6,80.984,15.2,211.81666666666666,6027946.0,10400720,2.8888888,131957.0,697.0,916.0,1033.0,1351.0,1573.0,1
Estonia,2003,2.4,13010.0,1.7,24.7,68.989,26.4,63.629583333333336,434000.0,1375190,2.1666667,45399.0,,,,,,0
Estonia,2004,2.4,13980.0,1.8,25.3,68.862,27.1,72.72541666666667,471000.0,1366250,2.9166667,45399.0,,,,,,0
Estonia,2005,2.4,15400.0,1.7,20.4,68.735,22.2,86.99541666666666,493700.0,1358850,3.1944444,45399.0,,,,,,0
Estonia,2006,2.4,17010.0,2.0,19.9,68.607,22.0,93.6725,554000.0,1350700,3.3055556,45399.0,,,,,,0
Estonia,2007,2.3,18400.0,2.2,18.4,68.479,20.6,94.77916666666665,523800.0,1342920,3.1388888,45399.0,,,,,,0
Estonia,2008,2.3,17510.0,2.1,16.5,68.351,18.6,115.03416666666668,551800.0,1338440,3.4722223,45399.0,,,,,,0
Estonia,2009,2.3,14980.0,2.0,15.0,68.223,16.9,99.19875,545600.0,1335740,3.5,45399.0,,,,,,0
Estonia,2010,2.3,15380.0,2.0,14.4,68.094,16.4,119.83916666666666,552680.0,1333290,3.5555556,45399.0,,,,,,0
Estonia,2011,2.3,16590.0,2.0,14.0,67.965,15.9,135.005,574000.0,1329660,3.0555556,45399.0,,,,,,0
Estonia,2012,2.2,17260.0,1.8,14.6,67.974,16.4,147.0675,602100.0,1325217,2.5277777,45399.0,,,,,,0
Estonia,2013,2.2,17630.0,1.7,14.4,68.122,16.1,141.56541666666666,628565.0,1320174,3.6111112,45399.0,,,,,,0
Estonia,2014,2.2,18280.0,2.0,14.0,68.269,16.0,136.17583333333332,652950.0,1315819,3.7222223,45399.0,,,,,,0
Estonia,2015,2.2,18650.0,1.9,15.8,68.416,17.7,117.575,676596.0,1314870,3.7222223,45399.0,,,,,,0
Estonia,2016,2.2,19190.0,2.0,18.3,68.563,20.2,113.10083333333334,703151.0,1315944,3.7222223,45399.0,,,,,,0
Estonia,2017,2.2,20270.0,2.2,17.6,68.717,19.8,128.19833333333335,725944.0,1315635,3.7777777,45399.0,,,,,,0
Estonia,2018,2.2,20970.0,2.5,17.1,68.88,19.6,143.45833333333334,746464.0,1319133,3.3333333,45399.0,,,,,,0
Estonia,2019,2.1,21650.0,2.2,17.9,69.051,20.1,144.66083333333333,794926.0,1324820,3.1666667,45399.0,,,,,,0
Estonia,2020,2.1,20960.0,1.9,9.9,69.229,11.8,129.24916666666667,808689.0,1328976,3.2777777,45399.0,,,,,,0
Estonia,2021,2.1,22670.0,2.0,8.8,69.415,10.7,146.96583333333334,825936.0,1330068,3.2777777,45399.0,,,,,,0
Estonia,2022,2.1,22370.0,2.3,12.0,69.609,14.4,200.82041666666666,849294.0,1331796,3.2777777,45399.0,,,,,,0
Estonia,2023,2.1,21210.0,2.3,14.0,69.81,16.4,184.4779166666667,865773.0,1365884,3.2777777,45399.0,,,,,,0
Estonia,2024,2.1,21060.0,2.3,14.0,70.019,16.4,178.51625,869666.0,1374687,3.2777777,45399.0,,,,,,0
Italy,2003,2.5,31570.0,5.6,11.3,67.501,16.9,88.80833333333334,34310000.0,57186378,1.9166666,302068.0,13629.0,15970.0,16429.0,17078.0,18090.0,1
Italy,2004,2.5,31790.0,5.6,11.4,67.62,17.0,93.95277777777778,33973000.0,57611990,1.9722222,302068.0,13629.0,15970.0,16429.0,17078.0,18090.0,1
Italy,2005,2.5,31850.0,6.0,12.2,67.738,18.2,104.30000000000001,34667000.0,58044368,2.2222223,302068.0,13629.0,15970.0,16429.0,17078.0,18090.0,1
Italy,2006,2.5,32290.0,6.1,12.4,67.856,18.5,110.41388888888889,35297000.0,58288996,3.1388888,302068.0,13629.0,15970.0,16429.0,17078.0,18090.0,1
Italy,2007,2.5,32570.0,6.0,12.4,67.974,18.4,111.05277777777778,35680000.0,58510725,2.9722223,302068.0,13629.0,15970.0,16429.0,17078.0,18090.0,1
Italy,2008,2.4,31990.0,6.0,12.4,68.092,18.3,122.83333333333333,36105000.0,59001769,3.0833333,302068.0,13629.0,15970.0,16429.0,17078.0,18090.0,1
Italy,2009,2.4,30110.0,5.5,11.7,68.209,17.2,105.61944444444445,36372000.0,59420592,3.2777777,302068.0,13629.0,15970.0,16429.0,17078.0,18090.0,1
Italy,2010,2.4,30440.0,5.5,12.8,68.327,18.3,118.03055555555557,36751000.0,59690316,3.4722223,302068.0,13629.0,15970.0,16429.0,17078.0,18090.0,1
Italy,2011,2.4,30550.0,5.7,13.2,68.444,18.9,135.98611111111111,37113000.0,59948497,3.5,302068.0,13629.0,15970.0,16429.0,17078.0,18090.0,1
Italy,2012,2.4,29510.0,6.4,14.7,68.684,21.1,156.03055555555557,37078000.0,60105185,3.5833333,302068.0,13629.0,15970.0,16429.0,17078.0,18090.0,1
Italy,2013,2.4,28920.0,6.3,14.1,68.979,20.3,153.21944444444443,36963000.0,60277309,3.6666667,302068.0,13629.0,15970.0,16429.0,17078.0,18090.0,1
Italy,2014,2.4,28910.0,6.3,12.9,69.272,19.2,149.5611111111111,37080753.0,60345917,4.0,302068.0,13629.0,15970.0,16429.0,17078.0,18090.0,1
Italy,2015,2.4,29210.0,6.3,12.3,69.565,18.6,132.82777777777778,37351233.0,60295497,4.0555553,302068.0,13629.0,15970.0,16429.0,17078.0,18090.0,1
Italy,2016,2.3,29630.0,6.1,11.9,69.855,18.0,124.42500000000001,37876138.0,60163712,4.0555553,302068.0,13629.0,15970.0,16429.0,17078.0,18090.0,1
Italy,2017,2.3,30160.0,5.9,11.4,70.144,17.3,133.05,38520321.0,60066734,4.0555553,302068.0,13629.0,15970.0,16429.0,17078.0,18090.0,1
Italy,2018,2.3,30470.0,6.3,11.7,70.438,18.0,142.01388888888889,39018170.0,59937769,3.7777777,302068.0,13629.0,15970.0,16429.0,17078.0,18090.0,1
Italy,2019,2.3,30680.0,6.3,11.7,70.736,18.0,140.59722222222223,39545232.0,59816673,3.75,302068.0,13629.0,15970.0,16429.0,17078.0,18090.0,1
Italy,2020,2.3,28100.0,4.1,10.9,71.039,15.0,128.39999999999998,39717874.0,59641488,3.7222223,302068.0,13629.0,15970.0,16429.0,17078.0,18090.0,1
Italy,2021,2.3,30760.0,4.0,11.3,71.346,15.3,144.3,39822723.0,59236213,3.7222223,302068.0,13629.0,15970.0,16429.0,17078.0,18090.0,1
Italy,2022,2.2,32310.0,6.3,12.0,71.657,18.3,169.77499999999998,40213061.0,59030133,3.7222223,302068.0,13629.0,15970.0,16429.0,17078.0,18090.0,1
Italy,2023,2.2,32640.0,6.8,10.0,71.973,16.7,168.90833333333333,40915229.0,58997201,3.7222223,302068.0,13629.0,15970.0,16429.0,17078.0,18090.0,1
Italy,2024,2.2,32890.0,6.8,10.0,72.292,16.7,163.54166666666666,41340516.0,58971230,3.7222223,302068.0,13629.0,15970.0,16429.0,17078.0,18090.0,1
Luxembourg,2003,2.5,94720.0,3.7,10.6,85.743,14.3,87.7186111111111,293000.0,448300,2.4722223,2586.0,,,,,,0
Luxembourg,2004,2.5,97380.0,3.6,10.8,86.177,14.4,100.95833333333333,299000.0,454960,2.4722223,2586.0,,,,,,0
Luxembourg,2005,2.5,98260.0,3.6,10.9,86.598,14.5,117.37555555555554,307000.0,461230,2.4166667,2586.0,,,,,,0
Luxembourg,2006,2.5,102580.0,3.9,10.8,87.009,14.7,125.7025,315000.0,469086,2.6388888,2586.0,,,,,,0
Luxembourg,2007,2.5,109090.0,4.1,11.1,87.409,15.1,129.11583333333334,322000.0,476187,2.5555556,2586.0,,,,,,0
Luxembourg,2008,2.5,106870.0,4.3,11.4,87.8,15.8,146.62694444444443,328000.0,483799,2.8888888,2586.0,,,,,,0
Luxembourg,2009,2.5,101540.0,4.2,11.4,88.178,15.6,117.91388888888888,331500.0,493500,2.9166667,2586.0,,,,,,0
Luxembourg,2010,2.5,103430.0,4.5,12.1,88.547,16.5,135.9763888888889,337200.0,502066,2.9444444,2586.0,,,,,,0
Luxembourg,2011,2.5,102110.0,4.4,12.5,88.906,16.9,158.08472222222224,345600.0,511840,3.75,2586.0,,,,,,0
Luxembourg,2012,2.4,101440.0,4.6,12.4,89.249,17.0,170.37138888888887,355900.0,524853,3.8055556,2586.0,,,,,,0
Luxembourg,2013,2.5,102010.0,4.8,12.4,89.574,17.2,164.59277777777777,363247.0,537039,3.8055556,2586.0,,,,,,0
Luxembourg,2014,2.4,102240.0,4.3,12.2,89.884,16.4,158.3752777777778,372827.0,549680,3.8888888,2586.0,,,,,,0
Luxembourg,2015,2.4,102530.0,4.7,12.4,90.179,17.1,138.7725,381103.0,562958,3.8888888,2586.0,,,,,,0
Luxembourg,2016,2.5,104920.0,4.6,12.3,90.46,16.9,125.56333333333333,390935.0,576249,3.9444444,2586.0,,,,,,0
Luxembourg,2017,2.5,104020.0,4.7,12.4,90.727,17.1,135.89944444444444,403282.0,590667,3.8888888,2586.0,,,,,,0
Luxembourg,2018,2.3,103640.0,4.7,12.4,90.981,17.1,148.33666666666667,415145.0,602005,3.9444444,2586.0,,,,,,0
Luxembourg,2019,2.3,104310.0,4.8,12.6,91.223,17.4,148.01611111111112,426346.0,613894,4.1666665,2586.0,,,,,,0
Luxembourg,2020,2.2,102190.0,3.3,10.2,91.453,13.4,129.39083333333332,433183.0,626108,4.2222223,2586.0,,,,,,0
Luxembourg,2021,2.2,107570.0,3.5,10.2,91.672,13.7,163.64083333333332,439919.0,634730,4.2222223,2586.0,,,,,,0
Luxembourg,2022,2.3,104100.0,4.1,12.8,91.881,16.9,229.12388888888887,444818.0,645397,4.2222223,2586.0,,,,,,0
Luxembourg,2023,2.3,102250.0,5.0,12.3,92.078,17.3,203.82972222222222,453659.0,660809,4.2222223,2586.0,,,,,,0
Luxembourg,2024,2.3,101000.0,5.0,12.3,92.266,17.3,197.06083333333333,457231.0,672050,4.2222223,2586.0,,,,,,0
Austria,2003,2.4,38880.0,9.5,10.9,59.375,20.5,86.60833333333333,4054000.0,8100273,2.1944444,83878.0,,,,,,0
Austria,2004,2.4,39620.0,9.5,11.0,59.094,20.4,95.16305555555556,4109000.0,8142573,2.1944444,83878.0,,,,,,0
Austria,2005,2.3,40270.0,9.8,10.5,58.813,20.3,109.10055555555556,4157000.0,8201359,2.3055556,83878.0,,,,,,0
Austria,2006,2.3,41370.0,10.0,10.4,58.532,20.4,117.0286111111111,4205000.0,8254298,2.5277777,83878.0,,,,,,0
Austria,2007,2.3,42790.0,10.1,10.8,58.249,20.8,118.70722222222223,4246000.0,8282984,2.25,83878.0,,,,,,0
Austria,2008,2.3,43270.0,11.7,11.1,57.966,22.8,139.87944444444443,4285000.0,8307989,2.6666667,83878.0,,,,,,0
Austria,2009,2.3,41620.0,11.8,10.1,57.683,21.9,111.90555555555555,4360000.0,8335003,2.9444444,83878.0,,,,,,0
Austria,2010,2.3,42280.0,11.7,10.4,57.399,22.1,128.74805555555557,4441000.0,8351643,3.0833333,83878.0,,,,,,0
Austria,2011,2.3,43370.0,12.1,10.5,57.115,22.5,152.23,4513000.0,8375164,3.0555556,83878.0,,,,,,0
Austria,2012,2.3,43450.0,11.8,10.0,57.147,21.8,162.6675,4584000.0,8408121,2.9444444,83878.0,,,,,,0
Austria,2013,2.3,43080.0,12.3,9.9,57.336,22.2,156.3477777777778,4641308.0,8451860,3.2777777,83878.0,,,,,,0
Austria,2014,2.2,43070.0,12.2,9.9,57.526,22.1,149.98555555555555,4694921.0,8507786,3.1111112,83878.0,,,,,,0
Austria,2015,2.2,43200.0,12.1,9.9,57.715,21.9,130.23916666666665,4748048.0,8584926,2.9444444,83878.0,,,,,,0
Austria,2016,2.2,43550.0,12.1,9.9,57.905,22.0,119.11194444444443,4821557.0,8700471,2.9444444,83878.0,,,,,,0
Austria,2017,2.2,44260.0,12.0,10.0,58.094,22.0,127.98333333333332,4898578.0,8772865,2.9444444,83878.0,,,,,,0
Austria,2018,2.2,45140.0,12.4,9.1,58.297,21.5,140.89333333333332,4978852.0,8822267,3.0833333,83878.0,,,,,,0
Austria,2019,2.2,45730.0,12.4,8.9,58.515,21.4,138.72444444444443,5039548.0,8858775,3.1388888,83878.0,,,,,,0
Austria,2020,2.2,42650.0,8.8,9.2,58.748,18.0,119.7311111111111,5091827.0,8901064,3.3055556,83878.0,,,,,,0
Austria,2021,2.2,44580.0,9.3,8.9,58.995,18.2,141.0625,5133836.0,8932664,3.3055556,83878.0,,,,,,0
Austria,2022,2.2,46430.0,12.6,9.5,59.256,22.1,208.47222222222223,5150890.0,8978929,3.3055556,83878.0,,,,,,0
Austria,2023,2.2,45670.0,13.6,9.5,59.53,23.1,189.3,5185006.0,9104772,3.3055556,83878.0,,,,,,0
Austria,2024,2.2,45140.0,13.6,9.5,59.819,23.1,184.77194444444444,5231893.0,9158750,3.3055556,83878.0,,,,,,0
